SAA,0.02,0.05,0.7
0.8071002187375952,0.7740413711531566,0.7285000083921374,-0.7848605665638386
0.6189276651961343,0.5753118982233185,0.5533840766142851,-0.6013579999624905
0.6056827869408898,0.5621698846110338,0.5621698835829604,-0.09277073120166465
0.6643841527937944,0.618251043896535,0.6182510438965346,0.6182510438965525
0.7044304861510458,0.6616355083879149,0.6408631338080452,-0.5727566395802468
0.882175713961061,0.8217720658004636,0.8088515960587724,-0.7848605665629094
0.8871894368839629,0.8310131418023371,0.7722702339227123,-0.09961566254255647
0.519865542475695,0.48649062304561963,0.47458542779626023,-0.625479457382524
0.6223257106580737,0.5807148017053132,0.5679104831499466,-0.7845528517763654
0.7382552808047311,0.7051385705882338,0.6672758430290056,-0.8000000067424066
0.7350775476530458,0.6735310527982146,0.6877812830509655,-0.7464204134890271
0.9012646317399088,0.8510057910048687,0.7326683859122494,-0.48920850316949466
0.5407606043051303,0.5000424890712185,0.5000424904396901,-0.650226292705741
0.8097859463086418,0.7728563463084342,0.7265275184656094,-0.8000000067424066
0.8939060514888144,0.8310798452911227,0.7949025884837853,-0.8000000043818266
0.7092352228830856,0.6637856152007425,0.6637856160211286,-0.7845528494237183
0.6465991490054132,0.6079130660807094,0.6079130653500799,-0.763845142309232
0.8602063086632998,0.7954708255845446,0.7782001162763634,-0.7255462224932566
0.7028688955507343,0.6558615338960899,0.6494883286348498,-0.7845528494237228
0.6757542482398358,0.627375506781793,0.5480682044838695,-0.784552856481632
0.8953289894987677,0.8396279664901788,0.8396279664901779,-0.7457940513678856
0.6012928748881177,0.5569735722600428,0.5554876371395702,-0.49130195363125634
0.880299047271499,0.8298908883020869,0.7398989275776935,-0.463250813282673
0.7805251074629347,0.7298550764483536,0.7110370735849052,-0.5476741366813278
0.8709886760321683,0.8083586806725576,0.7284575966171972,-0.7019102068635138
0.6157177370305149,0.5674705309951651,0.551040113689417,-0.7235529350970155
0.8173768468946331,0.75405093040074,0.7510020974275406,-0.6243722530129335
0.6959008072704751,0.6421292154000011,0.6367425050487414,-0.5742426522850812
0.6651562269178773,0.6136738644119561,0.5956186231270502,-0.6002351467245937
0.750089875370526,0.7044269352703891,0.6073512116265516,-0.6943390516106179
0.6863384845613831,0.6358952624153238,0.6358952632016535,-0.6556965189345176
0.775656276474034,0.7407330282747453,0.6951281561039253,-0.5399228012182035
0.8246228972483403,0.7757153061901096,0.7466201767520184,-0.784552856481644
0.6994474692749043,0.659533157204067,0.6386176506800247,-0.7186396485490064
0.6071095288831638,0.5608893143043842,0.5515277529849726,-0.7809411542584508
0.504641102012719,0.4681959906398679,0.4681959908824929,0.4311374939510386
0.6582702734856622,0.6150316302224286,0.5992407049778997,-0.5751680647967137
0.6666944540417836,0.6173106900931182,0.6106108502459305,-0.7434574134657854
0.7813807637017307,0.7320932617482117,0.7240328693776205,-0.40437775669727166
0.6161537169846965,0.5791465893953704,0.5791465886464063,-0.652287379785757
0.5812418768979944,0.5413585801558084,0.541358586325791,-0.08352505879785962
0.611156041067618,0.5822120175185952,0.5508273645351132,-0.6665941188380335
0.6075767171084625,0.5786890953400783,0.578689085575379,-0.7159702995748353
0.7213537653747647,0.6872918886643193,0.6435750269721974,-0.8000000043818266
0.6036146401171079,0.5657586784809687,0.5340928153519702,-0.7638863225982664
0.6855100099321196,0.6302527164387757,0.6249354731462415,-0.7450373981898624
0.6929632807595036,0.6437158388778998,0.6242025577192784,-0.8000000043818266
0.7834897006212345,0.7481737252057934,0.7075147228772153,-0.6514125264679984
0.7807667151773593,0.7253708949997089,0.713901506975378,-0.5213784531755183
0.5921306450120818,0.5446317185967351,0.5412783335034466,-0.7842439464215343
0.7244915323831831,0.6844530159521716,0.5793881926529888,-0.7648902829207482
0.682608808347432,0.646947473921109,0.6074062089289575,-0.5722679771489375
0.7517892117153346,0.7247024024042914,0.6798561065365891,-0.5408382731276518
0.6780697094466517,0.6460653750416707,0.5394339684748711,-0.5794905201342632
0.89828397962741,0.8278817975382649,0.7520741400486735,-0.37803961282013554
0.5701528165664655,0.5342013911517755,0.4954666639494139,-0.0948966070056811
0.7140698740350654,0.6649788290392427,0.6573774639027934,-0.5444496093282907
0.7542352912888568,0.7082044121169573,0.7082044121169566,-0.6007919670342486
0.6241328067892808,0.582908529996179,0.5649523481671452,-0.7205188911944793
0.5196408612817139,0.4591983706495454,0.4775638076736094,-0.6482158356209801
0.6396793998004047,0.595652184259622,0.5895820097481949,-0.6226034167692345
0.6829464804239221,0.6353992730711345,0.6241399662109129,-0.5742888714746566
0.7977139422509976,0.7511809673710995,0.721072510405436,-0.5202883054207489
0.6914403218657714,0.6585185876276944,0.6147072263313612,-0.651167496287008
0.7578900868347247,0.6972444796990618,0.6726558905899096,-0.5451175139194266
0.6623760832321617,0.6109722719988454,0.5977853802807128,-0.7845528517763738
0.690801460320076,0.6450818416920573,0.6230117142805087,-0.7845528494237163
0.7137570007435003,0.6650977351841203,0.6650977343589382,-0.6019348220444587
0.6222383852961435,0.5830333829074438,0.5188846877962514,-0.6082601202137351
0.6134237806275761,0.5620070339581509,0.6023515229200807,-0.6307641232839722
0.6713240733693308,0.6178866439570845,0.6141302459463047,-0.7848605689166532
0.6481832652327006,0.5930398113095972,0.5930398113095969,-0.7648813293120587
0.6475464025480075,0.6135616575948345,0.5912369232174697,-0.5755909537861648
0.6229874745061146,0.5793266012120506,0.5699553296442221,-0.6152010979814277
0.7342844418014953,0.7062028976436583,0.6557048584873737,-0.7636696832952965
0.5121091140837667,0.4645098710368453,0.46450986954893453,-0.7446218007087018
0.7436726471488817,0.6926063999183214,0.6926063981895253,-0.7452006676758711
0.6618998152767095,0.6094231494657887,0.6084794721323714,0.5351756372638206
0.6858669685620098,0.6371907855537993,0.6253481997713765,-0.7845528494237193
0.6787837768900509,0.6276740626282749,0.5462822258698647,-0.6758248361081822
0.531787103884722,0.48362760238700914,0.4690796200764645,-0.6507397739484315
0.6018851501455849,0.5568617520045518,0.5400135917353497,-0.7643638825096626
0.842827832739093,0.7840421063363583,0.7166417058801559,-0.7450051050571622
0.7301297798591768,0.6715798911449846,0.6715799003842355,-0.5515890043923699
0.6467847456161092,0.5952233018574118,0.582818371584381,-0.7848605689166532
0.7427218237304194,0.6931360123870707,0.6682081898325554,-0.5472760459876886
0.7717532833735887,0.7183611178261826,0.7141174845137594,-0.7652657591462285
0.9135295861497765,0.8540646793853083,0.8366607867543572,-0.8000000043818266
0.6488476149354928,0.5914807814030906,0.5836232370210745,-0.7845528494237206
0.7313269066528716,0.6787132225710972,0.6596477727631647,-0.7845528541290074
0.9655496928430083,0.9155965270905361,0.8403156449937468,-0.7845528494237235
0.6783104325765248,0.6257630585632737,0.6071046261840565,-0.718492835114199
0.788165062758889,0.7454519593942169,0.6860442115847709,-0.7845528494237235
0.6511153287849556,0.6124212312411144,0.5139948047957345,-0.5963266542257111
0.6227971970936943,0.5791117472376428,0.5791117517387236,-0.6565761504900403
0.6097862066428796,0.5800394432098968,0.5475397222313316,-0.7845528541290074
0.7022955822874243,0.6490223531962928,0.6490223539972871,-0.5519678534262507
0.5882911063639639,0.5418724168144924,0.5288710082559709,-0.6240565722298287
0.7476948881491244,0.6835111596092677,0.6817538843662926,-0.7454970263914853
0.687800975333346,0.6540541582939824,0.6158708330672011,-0.546098049474537
0.7711391246829111,0.7349612667310512,0.6951132249902501,0.5969068940261602
0.6511638513756008,0.6055377198958943,0.5203944700012939,-0.6949375203106605
0.63308577877522,0.5858602423222693,0.5027070738668697,-0.7845528494237235
0.7113243366959147,0.6525008008530457,0.648214004310623,-0.7458399434806602
0.7886456680527234,0.7497551711621042,0.7034714702879894,-0.7659424865440538
0.6638315028671185,0.6287041518253371,0.5895248589828878,-0.5991296175987431
0.8002298146100248,0.7466533302800942,0.7312633937055717,-0.7845528564816455
0.6889757113042032,0.6644833964041995,0.6159453830904424,-0.5759826853714869
0.6933152583231095,0.6390874952521757,0.6279996611606103,-0.7451369671157955
0.7461641259797878,0.6865919086340035,0.6731033687901908,-0.7654517270789905
0.7311478765562861,0.6962654890564537,0.5637042295220023,-0.626441063093994
0.7024006261561611,0.648828782118795,0.6402044191878691,0.6168531684795635
0.639202828671769,0.584675599992776,0.5715107998654169,-0.35065102474902876
0.7142239785769291,0.6674219540490836,0.6402727678400959,-0.7649316252304853
0.7470111491815083,0.6906767181072715,0.6092083571193798,-0.6466018348788607
0.6460906594552318,0.5905988818868372,0.5059608490725505,-0.7649445251933862
0.6136260365155635,0.5667373973483132,0.5667373964107691,-0.7650560397078797
0.7691429838841357,0.7256515945336197,0.7033363098737815,-0.6925286174011698
0.7481032688199509,0.6889182907858435,0.6889182890523287,-0.7465253243355028
0.6455072646027589,0.6052475667888904,0.5754801336625676,-0.6729809140445706
0.7186021808126117,0.677968050478591,0.6361686091765129,-0.5477522418398065
0.7502937084296735,0.7004323152235765,0.6807609892679714,-0.5483330264564069
0.6493603460221675,0.6051216828982442,0.5957262667834163,-0.6967103198058509
0.44546448757267354,0.4137616797599212,0.41376167975992023,-0.6984621322838008
0.7950250572757056,0.761755536929317,0.7121780467349964,-0.8000000043818266
0.6548865647276969,0.6141325071580361,0.5924175497110409,-0.7845528494237235
0.6023531994091182,0.5641182160156029,0.4730497526450454,-0.6965323017849905
0.6556373683366901,0.5985593231216528,0.5939301563290571,-0.7634859541787881
0.5927348759742544,0.5421018439133507,0.5418663541592363,-0.7845528541290073
0.6823574506288326,0.6313291067325091,0.6276437220002477,-0.681724696397083
0.7374525340016245,0.7045298112278546,0.661927042229121,-0.7244665418646188
0.6609419516618315,0.6131057240775298,0.603762593926086,-0.78486056656383
0.7190005770182422,0.6818404694217357,0.6442906689165453,-0.8000000067424066
0.545806605680745,0.4991145989748829,0.4876119415838252,0.4876119416032958
0.5774722451227877,0.5300778189674421,0.5300778215988489,-0.7648299396589376
0.6180096315374467,0.560763672038686,0.552722680628104,-0.6269517078839284
0.6780472890556108,0.6248296519756925,0.6108896268791426,0.0863665866898633
0.6922199115636385,0.635258430925726,0.6352584324764978,-0.4336247809914814
0.6188421494811939,0.5709202208753652,0.570920217461615,-0.5999627391932102
0.6035936504723187,0.5625007693856653,0.5390539302122592,-0.6988447727613956
0.6629271209411932,0.6109938672978434,0.6092369914722632,-0.7848605665638384
0.6324977509347562,0.5888285284495591,0.58882852844956,-0.6741696603848522
0.589974231607282,0.5499747436947434,0.5499747149971972,-0.6972589895359651
0.8193245258040075,0.7877720880937417,0.7486637247363405,-0.7845528541290073
0.6037876019902721,0.549638537377201,0.5456177807497349,-0.6311512719009322
0.7354227782336153,0.686941792852308,0.6690865037777067,-0.7845528494237062
0.5616453482800884,0.5217564956066163,0.42746177458733103,-0.7638077440156128
0.7348747674708711,0.6792552434004748,0.5818525813309168,0.6674902661925521
0.7059238741107581,0.6548712272424819,0.654871226447238,-0.5490950069026077
0.6480512932541718,0.5888880219936079,0.5724251100678137,0.5724251092193919
0.7799122012487395,0.7375364062168088,0.7336634440384877,-0.7845528517763655
0.8664014634081145,0.8039955807428687,0.6649181978935544,-0.4929039359010848
0.7488477644516438,0.6918694316230243,0.6749506304526218,-0.6542775243809296
0.6558833500156664,0.6232904331147394,0.6112109847325786,-0.8000000091029866
0.7442067307735383,0.6810266319100923,0.6705713375537148,-0.468732649720665
0.5535591522312724,0.529489188100036,0.5294891833175387,0.5294891833175922
0.5404747988866236,0.5034613477063933,0.5034613490407954,-0.7845528564816315
0.8467575874154094,0.7881879709058465,0.7696431147366765,0.8375958947530511
0.6776153032174739,0.6394634425022582,0.5437376444978496,-0.7845528494237235
0.70414963607331,0.6585067736536352,0.6525133531386565,-0.7845528517763918
0.5828114126921137,0.5356072021049787,0.45667661476393917,-0.765529175281607
0.7612733878395572,0.7319286361767068,0.6881399241969015,0.7437561735971143
0.7933047242433805,0.7509450635401866,0.7083405429225651,-0.7652899325913545
0.7189519460817442,0.6839294518071408,0.5823431145059346,-0.5746598841288747
0.7289078728390431,0.670081628592627,0.6690504233522392,-0.7196263692567348
0.7684614414236625,0.7267197084716791,0.6177479973742137,-0.7018073604976212
0.6690792830412957,0.6278820701562791,0.6184601003458348,-0.7845528517763656
0.7455088256463587,0.7011347130595544,0.6665884841829706,-0.4635556633620668
0.6749957943590338,0.6308101140959683,0.6107461979377777,-0.7845528494237235
0.7885328188426116,0.7349545286414978,0.7039569274771047,-0.7845528494237237
0.622009041078913,0.5653330349530268,0.5519122743881527,-0.7649684524476332
0.718371194884585,0.6854334116097784,0.6454722292004538,-0.7845528517763765
0.6735754006136103,0.6382557198265852,-0.8000000043818266,-0.7845527824702825
0.6570680169748637,0.6099244007442383,0.6025964707366603,-0.7845528541287529
0.6332692867804133,0.5896863630198362,0.5704510977285854,-0.5987886555673706
0.7306581728232793,0.6776659408374304,0.6694687485642731,-0.5504027537028064
0.7266512855062134,0.6791023841868636,0.6791023858776437,-0.7845528588342814
0.8330354361128148,0.7768473315783122,0.7208555829928174,-0.22489844775048218
0.7573865079807867,0.6952675829690411,0.6931040184754617,-0.7672062962723651
0.5737531700398647,0.5319982077077484,0.5269234506667108,-0.69770141474942
0.5405603623022508,0.49530207135911897,0.4144870772964763,-0.12033149415667113
0.6745901037201647,0.6257673717859111,0.6183898507261207,-0.764439796077037
0.5187257683939119,0.4853634343734453,0.4844715985993774,-0.6386052440175348
0.7592797086951428,0.7122720454079627,0.6958059366053055,-0.5343413077958642
0.7602085264929166,0.7118291469332967,0.6859461569315148,-0.5367803099449069
0.6100413818478103,0.5630500101079942,0.5607383862650457,-0.7645807080451815
0.521589450322106,0.47102686255903226,0.46704091155319705,0.3114452680490672
0.6481026867909487,0.6070918175669686,0.5945317002285433,-0.5959287551139141
0.7307551723567345,0.6760326600574518,0.6751131929028834,-0.552144762085218
0.6651163059615255,0.610618801334893,0.60473364205434,-0.7642483653774195
0.7364302475412878,0.6818227736455992,0.6818227753570433,-0.5762117060221261
0.659845748605982,0.6068096537894097,0.5900626306818847,-0.673190349563342
0.6887986521078793,0.6442090179129467,0.6442090091517054,0.5516156591568403
0.5697806744448488,0.5263617744373557,0.5263617744373544,-0.6524549429338034
0.7296201102266409,0.6778542999920558,0.6778542999920558,-0.5692295261987568
0.7972242540420011,0.7542732169326876,0.7294607442067261,-0.8000000043818266
0.7701615647867536,0.7325430109874962,0.6906753111801824,-0.5253454768294835
0.6753022122915346,0.6267884130804162,0.6203008118745215,-0.8000000043818266
0.5733524160799249,0.5324498145708871,0.5314574478142834,0.3621060735209965
0.787254020016497,0.7418654612558577,0.7249982646830214,-0.5194973393952689
0.5748513914246812,0.527379349652712,0.457768075676338,-0.6250737264533069
0.8080026082795648,0.7639497207877715,0.7461163947316918,-0.4914189329083531
0.7462210676099106,0.6931920803346501,0.6287104588857149,-0.7848605665638335
0.8239072748157531,0.7726666733123299,0.7575718189291107,-0.2747447895694541
0.5656963992553232,0.5261999422692295,0.5162811426599656,-0.6231304929352581
0.7397656390523579,0.6860947297681443,0.6685411530931017,-0.7845528588342913
0.7928711581128308,0.7294250764498469,0.7225445853089003,-0.5209163274556686
0.7262597160680739,0.6934372281865195,0.6521627603562521,-0.5966958370139237
0.73229877321979,0.6823314351679134,0.6683481947059393,-0.7810110543937372
0.7878898359847738,0.7424803245989844,0.696313867121926,-0.7845528517763651
0.5868294774920872,0.5396400171193068,0.5370354411934317,-0.625002368646297
0.6415269968115445,0.6020166162038549,0.6020166250633191,-0.7646984966903279
0.7532982503695609,0.697528227861187,0.6854954204911332,-0.8000000043818266
0.7297548094202793,0.695124588299425,0.6498999158386699,-0.7845528517763494
0.7281213442841089,0.6810519777465853,0.6727594481815233,-0.54617992875827
0.7506812774890338,0.7143801077208287,0.6796922209253617,-0.7848605665640305
0.7429462531485066,0.6820758366922975,0.6691987347891435,-0.7452715596743764
0.5517712530433704,0.512585435517585,0.5125854328718596,-0.8000000020212467
0.7012646998986671,0.6470459555750568,0.6305627279477104,-0.7223351462986272
0.7994633455424346,0.7431414850257104,0.7284731713305008,-0.5222190682387147
0.7019481933740943,0.6503652656655032,0.650365265665501,-0.5732278702987427
0.7965285517784239,0.7414430201071496,0.7261494946109353,-0.49234100609050235
0.8412143411915313,0.8036188070637803,0.8185959678733749,-0.8000000091029866
0.6456240360312557,0.5926843744873266,0.5870122802242164,-0.7449823592810046
0.7565228929185918,0.7125021677607428,0.6850669749985427,0.2482410410996047
0.8506684700794575,0.809651747565682,0.7633393042248388,-0.7845528494237237
0.7664078057683058,0.7099044110801376,0.6975446210065452,-0.7848605642110205
0.8237486605264049,0.7618791368265617,0.7384129221138892,-0.7262419153253761
0.9255545206731097,0.8802342769952712,0.8301798623552306,-0.40233397129423626
0.7406272667209699,0.6819880488946205,0.6664398935807307,-0.5489942735765876
0.8505451858985482,0.7941741491650419,0.7679912772677683,-0.490792096288822
0.7044147690655991,0.6575305005385428,0.6484389830815797,-0.7845528494237235
0.6418640912141104,0.5992950423016867,0.573259214412969,-0.5996803346193496
0.6470148755634402,0.5935966522831351,0.5785428194838947,-0.6010364845639837
0.58749646193338,0.5405170403988464,0.530447023552746,-0.7845528517763578
0.6716072295484028,0.6247879832179017,0.6054929498616093,-0.574837197704413
0.7195570045562708,0.6741318407614009,0.6611459870517511,-0.8000000067424066
0.7171126611411336,0.6596894978954984,0.659689497895499,-0.7648632239526064
0.5440260177975482,0.511292536916298,0.5073851924268697,-0.7845528517763655
0.7751963417936609,0.717621415589755,0.7549782273122876,-0.5294928895421128
0.6639095225750182,0.6115233977013916,0.608733194448524,0.6589475269823248
0.6216444019640316,0.5731269348725575,0.4807761681557463,-0.5999218293587226
0.6512511355578406,0.6123772086077943,0.6043346991196041,-0.7845528564816494
0.758143959987939,0.7238247337648698,0.6829282296271553,-0.4806459410196263
0.7197947180283906,0.6667280574038237,0.6653628198442731,-0.5472534106188249
0.7691631564180055,0.7092266815315706,0.636303912603515,-0.5772051304661309
0.5737946522118851,0.5258794842470718,0.521588321229419,-0.6525768785381538
0.7125392395326089,0.653541553796783,0.6411823660591442,-0.6501996164926325
0.7351346993121464,0.6999564069437367,0.6567109276408036,-0.7214275847581908
0.5457731354940256,0.5009379365323088,0.49816815174585644,-0.7221916097064759
0.743108742258938,0.7081801438326938,0.6671667588603931,-0.5442389402933113
0.6654896579997605,0.616397849570314,0.6109747403886774,-0.7845528494237197
0.5921161106284282,0.5474889231987015,0.5474889349210497,-0.646334038287343
0.6206803732828534,0.5769129453742291,0.5708943013089565,-0.7845528494237668
0.5132824388108062,0.47363914670425417,0.4736391466637765,-0.7848605665637772
0.6578518449446858,0.6231466881454812,0.5599023448449074,-0.7199106361825451
0.766862124586159,0.7100614024398431,0.6933356062215262,-0.5190993633931389
0.6103884552843344,0.5598800484477463,0.5526109268095031,-0.6731736373688033
0.66347691580856,0.6148177627368052,0.5254386225825702,0.6495647413978828
0.7637275846977114,0.7331241200315823,0.6585361114366797,-0.7437691990517123
0.8053409380236634,0.7820216987726298,0.7335290087164477,-0.7470976558473057
0.6017459190703937,0.5586470782413973,0.5479316856480967,-0.7845528517763655
0.663078351854177,0.6087097587659858,0.5798143686353617,-0.5731630801616419
0.6213438987934942,0.5900087414442853,0.590008745159306,-0.5738116180356545
0.9138704173326813,0.8574119279014523,0.8274419039539119,-0.7845528494237235
0.8001728517117987,0.7619763327461534,0.7207337878830243,-0.7845528564816495
0.5659719324277235,0.5186543410805324,0.5186543410805322,-0.7462590376416476
0.7980329637513118,0.7565668881508505,0.6438801863794092,0.17509990182839358
0.8087028630647831,0.7600459155246373,0.7450288368240038,-0.7845528494237235
0.7337760311471262,0.6837480857148858,0.6837480926102859,0.6575846453010908
0.5708091691240285,0.5217214102775702,0.5217214103537542,-0.6983297226515259
0.794693652040774,0.7532225168634494,0.7034696930530602,-0.745169314892363
0.6353457329844894,0.6087662849033276,0.5783394917996253,-0.6234403732691989
0.7300356585281529,0.6847818453224997,0.682528228198493,-0.7845528494237235
0.7987107580687045,0.7515443943304445,0.7026587384332525,-0.7653586109435536
0.584018761706068,0.5381708919884067,0.5381708871294533,-0.625666448489794
0.6562135144085038,0.6139402792101465,0.60366582485278,-0.7845528541290094
0.6711722794881441,0.6247793545595133,0.6247764980716625,-0.5739567603226422
0.7934040962121091,0.7324771466860799,0.6494929612003729,-0.7446598313661565
0.6416932889045505,0.589751036558888,0.5897510378039202,-0.7243186860885946
0.7104368872552803,0.6606406259210005,0.6506905610798889,-0.6758155731832336
0.5705182834461618,0.5221605880741496,0.5221605889103029,0.5552545964672039
0.7481824497965499,0.7023692683431237,0.702369268343124,-0.8000000043818266
0.8956357092926341,0.8478380621546937,0.794504941953858,-0.4718420918105048
0.6430593070756188,0.5934507115257527,0.5896987374072665,-0.7848605665638094
0.7611103211202467,0.722360860438365,0.6763310352494516,-0.7645645260190714
0.6986965065919248,0.6468105436915345,0.6247656929966086,-0.700154238242255
0.7247247355288602,0.6721329052002312,0.6458247213893604,-0.5709567575200377
0.6042750688588567,0.5652639880201801,0.5652639821025409,-0.15252930099059825
0.7368789585247206,0.6802175563021184,0.6769253515349393,-0.7653552405907327
0.6565533965807202,0.6025101588149459,0.5978181990467675,-0.7648491361370273
0.7375791989226059,0.7039417339182601,0.6652452990825155,-0.7845528588342914
0.6471705739934352,0.5931509704750098,0.5931509704750101,-0.6043684317205062
0.7978587495720811,0.7374463380493389,0.7245614211455949,-0.5198657088621129
0.6513085269326455,0.5968968135012767,0.5968968142150918,-0.6745498153838639
0.7454126284045972,0.7017704239904391,0.6856496823942886,-0.7845528541290074
0.6574006473237235,0.5955971169484782,0.5892793727302854,-0.7053844598347561
0.8009251781102142,0.7468815520012577,0.7182294183726956,-0.4078633571674285
0.7288087201463975,0.6795522583181086,0.6753822029818604,-0.5440726363545687
0.7613500968992812,0.7135290623638053,0.6987627420054845,-0.7845528494237235
0.849148894352841,0.7883443241792134,0.6908198622794317,-0.7651553756938109
0.5118913116853281,0.4817546410862942,0.4817546412077738,-0.6568318356389127
0.6875694116931796,0.6451850231084766,0.5310217797622189,-0.7845528564816495
0.6106117746370374,0.5694084275315624,0.5494438612302242,-0.5987297903020948
0.6835596487704098,0.6424597483439581,0.6424597427901446,-0.6255355272091179
0.738481416086791,0.6816545536752969,0.6816545588433336,-0.5212674925800392
0.6188176340756109,0.5638468639550821,0.4882255639251136,-0.21714745155242887
0.6070400216372291,0.5635008309051474,0.55056576725998,0.5206926654290808
0.7569639432605162,0.7184237287149515,0.6728759522792337,0.5333943349523302
0.7421864940557641,0.6971258151390842,0.6854350087168397,-0.5713543560139113
0.744301753791058,0.6853659270017352,0.5632879385051586,-0.5452478025749652
0.7839336369312916,0.7237366135409183,0.7003521913135748,-0.5192807428672599
0.7690785030004724,0.7358921033438293,0.6917777552419723,-0.5485204542479041
0.9241055848575708,0.8836405918999921,0.8297349443226012,-0.7452885104521327
0.7055968388592126,0.6645975837263778,0.6462548538854684,0.5988991156201257
0.6839792323541469,0.639907787163406,0.595649493011062,-0.5738409465983305
0.704040663519712,0.655170025029344,0.548236431123534,-0.6273080854016699
0.7660822508860929,0.7135799198845268,0.7135799180628676,-0.5281144022091104
0.5782789110167117,0.5322744400905443,0.5082130093467268,-0.7845528494237237
0.6541820235803819,0.6074549073336499,0.5982509035888061,0.49664972123413403
0.8696793428948275,0.8305435948956728,0.7225354925317258,-0.489889678480128
0.7775469691818155,0.7342137267890814,0.7342137267890849,-0.5504884714285109
0.7191075362462558,0.6688667657486794,0.6496648190576224,0.27959946036459216
0.48966162788686485,0.44393053657035436,0.44393053639880886,-0.7415352217040233
0.5024065851281977,0.4641438835259244,0.4641438854023483,-0.7155272030919468
0.7200804084200794,0.6673578818118475,0.6613400120639501,-0.8000000043818266
0.7691601196525931,0.7199618043708664,0.67059882273045,-0.7650564206044373
0.7490683276992753,0.7175651690961939,0.6813961756011551,-0.7845528517763658
0.7950218915390816,0.7508708306785163,0.7026309558235533,-0.7845528494237234
0.6759592857652937,0.6273345465929133,0.6172237702704854,-0.7810080791137075
0.6333590344051907,0.5817677799323908,0.5695780011003484,-0.5741452881039973
0.8419536477713045,0.7805783030712444,0.7730028935430002,0.8232022118930984
0.8311904078968287,0.799728117690387,0.7523946974831479,-0.4908517962710422
0.7743829203463649,0.7209453223262421,0.7161589436558593,-0.7648985843853482
0.9553537991598687,0.9051259977459996,0.8455556726269957,0.584864800162349
0.72294905798662,0.6710555033398355,0.6525663953823232,-0.7651311214777711
0.7514252515817166,0.6942667033503591,0.6501504599791785,-0.6319114176279323
0.7587631446060454,0.7267512777568624,0.6886082527652373,-0.7845528517763656
0.7239634936873026,0.6762345081913096,0.660787605762549,-0.7845528517763534
0.6725242689143651,0.633004957441523,0.6122970275176853,-0.5980495549378791
0.713202276869767,0.6572111763257081,0.6572111771451555,-0.5514405765797475
0.6024311156833679,0.5570488800042838,0.5342860892729437,-0.625649639880018
0.6985372013219512,0.646759107773891,0.5618552330438332,0.6411858996920627
0.7149947343234644,0.6629587393649492,0.6508646271614025,-0.5465927927533482
0.6110734036322603,0.5627637251767467,0.5460886127599465,-0.7654357365999445
0.6538731053487756,0.6031903561752129,0.5051130362638158,-0.7820704910944933
0.587042614379816,0.5339640508919543,0.5188612431227805,-0.6340459570454323
0.8159170145839018,0.7832680689593323,0.7358775294038804,-0.5207157714545301
0.8075589306278826,0.7524269772421686,0.8085042632462334,-0.5155173118872846
0.6733759822315769,0.6237401280702588,0.6112130452933748,0.6112130452933748
0.7079672700586793,0.672682071585186,0.5930970405951382,-0.5247719896880897
0.6181231929662971,0.5665548173475354,0.5634483546765422,-0.7644753377826289
0.7198083200237985,0.6745661082217156,0.5795561769221027,-0.7845528564816495
0.6536982099490345,0.6063134630748833,0.6063134586760115,-0.5986598348708865
0.6795132640349546,0.633662545932441,0.5441997811816652,-0.8000000067424066
0.8208863594856329,0.7818166237162526,0.7362006005249659,-0.8000000043818266
0.7571910771906337,0.7004125700305279,0.6986655958761824,-0.8000000043818266
0.5921333482471518,0.5554594620951276,0.5436589183416802,-0.7192424496531827
0.6906282822496836,0.6403586819751284,0.6304007949043031,-0.7650434482969282
0.6476874535018403,0.5988171083038134,0.5928707558997851,0.6136153842954859
0.7249357572680505,0.6709986473168157,0.670998647316815,0.5766814707388848
0.6796542783668795,0.6535838427176788,0.6197356558840534,-0.7845528564816796
0.7571752417118067,0.7156508459172544,0.6392555001019535,-0.7845528494237235
0.7119618146456584,0.6533988951532295,0.5753715253451606,-0.6754905004569535
0.8912583469762493,0.8455481409065859,0.7962069814299667,-0.49442473901163725
0.7493777501000471,0.6988922530204708,0.6933791330101534,-0.7848605665638386
0.6220342262849932,0.5677269308076027,0.5334825686493666,0.5334825770425307
0.708130199546656,0.661920798568707,0.6460308005463242,-0.5466576621253094
0.6409784134788942,0.5960597279599877,0.5099913986216327,-0.7848605689166532
0.8312034006879984,0.7775325673737363,0.7670884223073293,-0.5218236794973077
0.634175733274438,0.5841659246255106,0.5841659246255224,-0.7845528564815033
0.7544420837970256,0.6980374571790848,0.616741915432502,-0.7237271904222873
0.6204337589922025,0.5904928343667883,0.5562924576298305,-0.6196258226186844
0.5853113280249657,0.5398328367409919,0.5265420528311586,-0.6251878921143934
0.6530796821415644,0.6144236480869085,0.5742275489627138,-0.7845528517763658
0.6943750165950092,0.66713431194784,0.6221004502627194,0.558275209230318
0.6705130819585116,0.6250979644714091,0.6141133736598446,-0.5950602396489282
0.7793587405309991,0.7285235642991876,0.7155961789612968,-0.7649545268078868
0.8380807673897823,0.7984700415610009,0.7498217283551267,-0.7229920317511476
0.6282608476357778,0.5798735089612109,0.5752491963538223,-0.5976872628950793
0.8964403485140876,0.8483442783885937,0.8111178845688921,-0.7845528541290082
0.605730591846136,0.5573216234110326,0.5523952369599371,-0.6234544710672911
0.8017606629948957,0.7407406827351594,0.7210398007587481,-0.7632369276096469
0.5952583516547029,0.55962990986742,0.5458835561277131,-0.5457419712762565
0.6503759524193722,0.602867021506155,0.6028670215061547,-0.7223702773039122
0.6558523412502952,0.6002327349128065,0.6002327349128058,-0.7845528564816484
0.8241306224471852,0.759644272650372,0.7496094836003899,-0.6306141492648787
0.7580391046255417,0.7153666784796706,0.6688565579461214,-0.5439665747045455
0.6818029195321489,0.6258498096040531,0.6258498088452564,-0.7432204518819547
0.556299816088674,0.5156337289446193,0.4297344749445162,-0.7845528564816511
0.7075286043442468,0.645648775214539,0.644080985884935,-0.6024652475705106
0.5014312932849275,0.4571373346987636,0.44031775975500465,0.4403177598399093
0.7178025181607774,0.666704779675916,0.6494250726820948,-0.5496467183265344
0.8059364862800888,0.7514643957000391,0.6960918656138988,-0.7417655528132974
0.6953830614163686,0.6585595478299436,0.6208219558526541,-0.7009709491402862
0.6017290434228296,0.5624913110607168,0.5624913120916585,-0.7441596013252854
0.6065286286520697,0.5615201349667183,0.5615201456119885,-0.6033518861796578
0.8232938953216964,0.7744367674353573,0.774436767435357,-0.7640672415356258
0.6613215588146708,0.631135321253178,0.5924131262587629,-0.6704196523926726
0.61489077141585,0.5645031649519348,0.5552608454018992,0.3064014584839942
0.7736057804402937,0.7172076770779363,0.6220125810796773,-0.7845528564816495
0.7504979294868146,0.7123763888818961,0.6695750214302911,-0.7845528564813856
0.546398647477397,0.5058178764205464,0.4423669424581906,0.5447625379861794
0.6979358989735325,0.6623974480551649,0.6194729277706528,-0.5741584754983285
0.7318948541691318,0.6929301834455082,0.6481978049606014,-0.4362918467016803
0.7438612373431853,0.6901349824232207,0.5968320041852895,0.7285917890528663
0.6239540505886496,0.5746171026948113,0.49264205281061696,-0.7239471809106557
0.7452383892729751,0.6976972659917993,0.6767102176271699,-0.7845528517763656
0.779769050212026,0.7260137271216252,0.714339247222735,-0.7643444190114607
0.7818325442930085,0.737225401479336,0.7050905688597366,-0.5637592409572489
0.7583205491268813,0.7101059098428261,0.6887988433229841,-0.5472149665671164
0.7317240186607955,0.6817615172670899,0.5874035795249906,-0.5464589054686226
0.6519952678265222,0.6095938897994627,0.6080936336812888,-0.7845528517763655
0.7658329445227097,0.7380218155344133,0.6274475671062171,-0.5456759610414799
0.764691190222234,0.7073333629899081,0.6989990415016656,-0.7432386320863273
0.707823112602373,0.6565140574011151,0.6307589630674442,-0.7845350838318041
0.7974722178945957,0.7439489384993638,0.7409540048886121,-0.5447215981024892
0.5826368515504475,0.5414195471536027,0.5188470040923696,-0.5210829347325876
0.617323765119796,0.5829635649205505,0.5689584085281632,-0.7187392543986364
0.5958421270300258,0.5484603221978535,0.545703023357569,-0.6216869604808153
0.7335738501589018,0.6836649061342096,0.6739877711024859,-0.7848605689166532
0.6125404288879132,0.5803952190425847,0.4839294159278925,-0.7845528564816496
0.6770790454165062,0.638979007810363,0.6284551700653132,0.10974029350062484
0.7088574171239224,0.6712314832108999,0.6208468628996326,-0.5760489551833633
0.6727277074862665,0.6207672464476315,0.6113904498848044,-0.764610079266
0.6862319474687495,0.6292296763227946,0.6158780526664702,-0.3464113159507708
0.6865352436749677,0.6466718522082414,0.6248438641541045,-0.7423890263458659
0.7789843610610736,0.7432004940550547,0.7002765999259326,-0.7415713564557614
0.7632980126532793,0.7105705996502001,0.7016859930093412,-0.7845528517763607
0.6471077597325247,0.6015271190575711,0.6015271190575702,-0.5527345975288216
0.6392382324408827,0.5973342068288074,0.5973342061075719,-0.7649008105401157
0.6664582344200902,0.6242123529756093,0.5689795879939114,-0.7845528517763655
0.6512156084570511,0.5978174801685494,0.5978174801685493,-0.7657691172950024
0.6776598421054012,0.6273900734015294,0.612202577141443,-0.49128111959505577
0.6638325912312011,0.6146308167132375,0.6146308264770322,0.5632534971370631
0.5840828437280271,0.5360638322586374,0.5297723975318899,-0.7646894053140371
0.6952693051410084,0.644945369841709,0.6221787461468185,0.6762062327075891
0.5815934613780506,0.5348687098476727,0.5302595309241361,-0.15547528492832205
0.7394454971880887,0.6816655685745179,0.5839764389877242,-0.6803188899157495
0.7777341009089425,0.7187849421093966,0.7119529053053427,-0.7845528517763656
0.6272315224575888,0.5848958532736075,0.5698469924236318,-0.5999381799830539
0.6837741559208187,0.6363180420079706,0.6363180420079702,-0.5823536090718976
0.657772238211718,0.6093272016031617,0.6082025512210087,0.5093168727153956
0.8108582357700949,0.752649507030376,0.6657817976174791,-0.7433086348575768
0.6436598000977762,0.5997361630695041,0.5812298761014822,0.4727374744095595
0.7353319021462119,0.679859999216684,0.6777523169452535,-0.7653313361166416
0.6999037952968934,0.6492284134208881,0.6370806702007862,0.6073456499140293
0.699896845770519,0.650373483329558,0.643598061315386,-0.548770289392887
0.7079290584546806,0.6472513648225433,0.5523569491250027,-0.5743307525327304
0.7889507245333305,0.7254528097225093,0.7254528115548065,-0.5187962939869053
0.699172989619135,0.6458684794655414,0.6439477268075572,-0.6996060266845618
0.7046777040192969,0.6580678215434892,0.6453537266989449,-0.6493360279501772
0.7052979243158413,0.6515606946711487,0.650756595504679,-0.7655153819441731
0.7343724219746912,0.6989830543016226,0.6608440482069131,-0.7845528541290073
0.6504728933146167,0.600730553667788,0.5505841043142012,-0.7812801102819698
0.7464674450876769,0.6891086139589353,0.6806678678772663,-0.7845528564754026
0.7186037017203812,0.6568823755977846,0.6531578066834189,0.12936599281187683
0.6805914172196752,0.6298723835768709,0.6048229123461385,0.6048229064811445
0.731329956878707,0.6784227274898651,0.6459029416739135,-0.5643005092949115
0.7322118927615198,0.6795469549854145,0.6793168977730525,-0.7812899200560403
0.7568927908083476,0.6962497208168545,0.6962497121482893,-0.7433611702065328
0.6718618078133669,0.6230446137289787,0.6104727627653128,-0.6262670504474483
0.565238674256354,0.5383603351471828,0.5383603246139064,0.25770345020955343
0.5630239051819774,0.5291790866203934,0.5291790809629022,-0.6231371478387482
0.599505519263744,0.5604181328425344,0.5382206327765482,-0.6246670686801468
0.6591248267165887,0.6093962363794162,0.5968093823430182,-0.6031734390907493
0.6699183730998308,0.6322081013390517,0.5913107661933803,-0.7004586321006565
0.7414643561277191,0.7083764419820966,0.6654593382939844,-0.7439326107942588
0.7274153221346462,0.6808937428620021,0.6758099634812307,-0.5497547558372565
0.660975315849585,0.6148442773439678,0.6019829703810108,-0.7845528541290074
0.6284642933017281,0.5840803129430201,-0.8000000043818266,-0.6089176279903964
0.7212894515961937,0.6711081212858763,0.6569764401972757,-0.6745912770050679
0.7141298236436706,0.6627080127368996,0.6533974373140261,-0.7845528494237188
0.8324396308445249,0.7744575947428101,0.7686146961329813,0.557563866724771
0.741605821596553,0.7027756572657397,0.6233031637355773,-0.7457585053953926
0.46753189370226733,0.44114113687177237,0.42690920606965904,-0.7845528494237235
0.6133430367246342,0.5751779288700631,0.5751779304651901,-0.7848605665637588
0.7156811276070407,0.6758516695178298,0.6758516712099896,-0.7845528541290089
0.8423088167568611,0.8036735725598568,0.7181246672234106,-0.5055445600608295
0.7086295937128595,0.6671149900670263,0.6376354245102297,-0.6763587085728604
0.8069347437675958,0.754577144208821,0.7244381674605884,-0.7845528541289946
0.6579889661894174,0.616697010282817,0.5878225252920313,-0.6012013264618973
0.8266166465974076,0.786227687915284,0.7435450531836768,-0.7824991575680489
0.624068478567374,0.5791185507650239,0.5705987905092235,-0.5991887156483859
0.7364719253259433,0.6768936363192364,0.6670662484342217,-0.7464918045200997
0.5695480768988044,0.5165023730444913,0.516502369761369,-0.7636600661364455
0.4523966156497608,0.4115605444884202,0.411560544310841,-0.6970800433449906
0.6249717850806038,0.5832005285327284,0.5828390213383114,-0.7845528494237445
0.8473649322550764,0.8186029007494309,0.7645089921717185,-0.7845528541290074
0.6555118737931466,0.6316202099571714,0.5897465473819873,-0.6031379343137109
0.5189926554229763,0.47807377238577553,0.4780737710885253,0.0011160102719141268
0.6154656358910877,0.5712979216933863,0.5610759908361878,-0.51880195802
0.6856127159615599,0.6347170099161302,0.6252057872328473,0.4187733952645187
0.709918354840792,0.6478415021741263,0.6460596205344498,-0.4392292329339957
0.8690620227381847,0.8134216738912736,0.7634836181093682,-0.7848605642107116
0.7057162339357863,0.6609882453042674,0.560048083465676,0.6954422564727261
0.652064760221168,0.5959877805313345,0.582126428673004,-0.7639973108047909
0.48304698630144277,0.4558857031294209,0.45588570321458827,0.45588570159641395
0.6372242474411354,0.59019156485854,0.5742741482516752,-0.6150386238018717
0.6720291251670445,0.6306667852350019,0.6230461901060858,-0.5717991712372057
0.6715407422268822,0.6237367123272249,0.6237367130874676,-0.6977838353801398
0.729489866583614,0.6778574386789762,0.6616412213552113,-0.764760063141841
0.7299955070889617,0.6805447877510833,0.6718533541541731,-0.7647737139338977
0.6939164545889651,0.6430851614115016,0.6371240639879185,0.24356339913460623
0.8021649933812989,0.7452996061269082,0.7432989924672406,-0.7685950494232805
0.749599235226906,0.7129648513196778,0.6693639767439239,-0.7845528541290012
0.7155186297407393,0.667841315263219,0.6678413144288509,-0.5451834580714254
0.7009756375917225,0.6438223348276905,0.6264363143167161,-0.7458784000048969
0.6478855496547621,0.6015474274330118,0.5908167577006057,-0.5736988293789718
0.727388077929034,0.6762982981447672,0.6565154919540463,0.7103784374971425
0.6265740349409479,0.5835186945634226,0.47648954242523633,-0.5999406929194879
0.6547084827986134,0.6081056634173911,0.5102439852088352,-0.7206290172711302
0.7186959502109571,0.6624918953328106,0.66212237632847,-0.7648463229211367
0.6035080208377539,0.5716488608533615,0.5346169984660961,-0.675573696591276
0.6967515381359085,0.6531725123033716,0.6780830808667984,0.3670572499519855
0.64769740474208,0.6100548729297444,0.5217609996607968,-0.7231192428795814
0.8364100912409684,0.7879979717239729,0.768199403868282,-0.30916836801672476
0.7948773263222,0.735357860176529,0.7272277499320592,-0.5206389330729553
0.8851593217708014,0.8474130424994549,0.7874459798381968,-0.4347643489554675
0.9230096846015066,0.8881057166832466,0.8335807672463322,-0.4938485422924487
0.6254799451951296,0.5742721652296928,0.5742721627989911,-0.7646337287884315
0.7319708942020144,0.6797543933474742,0.6621778700505623,-0.5483744617418762
0.6173826298799818,0.566323973998589,0.5566940296566238,-0.6216957531968045
0.6691169067462226,0.6135677692004753,0.5191557626512879,-0.6237159721292357
0.7635472666832104,0.7094992387150892,0.7094992387150889,0.7490456941714783
0.6646560255209082,0.6145446682005133,0.6074903211514338,-0.7845528517763646
0.638305395244172,0.6077029826077254,0.5712978504233621,-0.5720956038584268
0.7166228584223924,0.675124439008993,0.6283809122023298,-0.5734185646873926
0.709402218754136,0.6572978833037169,0.6509221546834478,-0.8000000043818266
0.9068990028896915,0.8693995858810346,0.8152635111780464,-0.7454996307217907
0.6732143931092178,0.6254600543254494,0.6254600535511601,-0.5773376961750698
0.6702340289875132,0.6295311892158237,0.6295294218417951,-0.5719780875414255
0.6487505489776968,0.6020766545746266,0.6020766487803311,-0.7655256923085151
0.8832940254934679,0.8284485047423784,0.7696294704922408,-0.49388211424812783
0.6319730310894949,0.5942142919091506,0.5546396327496584,-0.5477736441331622
0.8101368857517242,0.7696533810466171,0.66610324844752,0.7837471331811225
0.6134753558835402,0.5589998401811727,0.4593067312165987,-0.7448655831531981
0.6118629663888426,0.5695933304437358,0.5695933241721687,0.10363090379876198
0.6831063115590535,0.6345192592091952,0.6345192560945622,-0.7458360648647484
0.7815018559824042,0.7568792929743291,0.7148909427505462,-0.5180686333729257
0.6734513288887676,0.6275792679447336,0.6190833442064014,-0.78486056656363
0.6207473408601312,0.5896919391320521,0.4684032079684063,-0.5998498741203293
0.8748176534830743,0.8427062820479644,0.7937412321344322,-0.8000000067424066
0.5547476047401089,0.5164729301651306,0.43035493135779024,0.47769659926715663
0.791026413369983,0.7308380087396746,0.7068117773262075,-0.7637019160510852
0.6945470621491061,0.6420700728920183,0.6363374394683053,-0.5774642608063962
0.6070399037527582,0.5644642487784772,0.5420483111388982,-0.7645114302125422
0.824064924987709,0.7607101487823233,0.7523030015786156,0.5654374779295274
0.7344940385406933,0.6834150614809031,0.6667848954537179,-0.7647915540368384
0.7955335207785008,0.7447019199150721,0.7335218369599639,-0.5060118124318723
0.6462123587008461,0.6068432274166802,0.6068432318821462,-0.7241497127280176
0.8083671232665041,0.7448308066925663,0.6637574020678143,-0.5266594880400653
0.581682417176778,0.5308229103389845,0.5308229103389831,-0.7845528494237235
0.8748555739783701,0.8345951686069286,0.7808335557322866,-0.4677041893021875
0.590133141154397,0.5520097116856857,0.5520097116856857,0.5520097300596252
0.6106072429875302,0.5690412308667467,0.5654109659827855,-0.698970229580711
0.8302344357028867,0.772983519055495,0.7207334515209756,-0.7656974741078685
0.7101319818399072,0.6636497674238743,0.6425055665484489,-0.5462160034957788
0.8114197492993862,0.7705943958073005,0.7222466164982988,-0.7824024912841263
0.5778309360364362,0.5247197863848638,0.5168151442715337,-0.6741077897185221
0.4464033850636955,0.4099303645833413,0.39995920175375543,0.39995920229535725
0.7202559873252783,0.6753655379888184,0.64668598094083,-0.10466187598620638
0.687027828137246,0.6383751924510247,0.6271030476254016,-0.6728659192895525
0.688279731420765,0.6524039656083573,0.6165683460078633,-0.5757525338584718
0.6570432607946666,0.6081477308820534,0.5919160053277042,0.5919160046150178
0.7624976871882818,0.7034864811235869,0.6936959788773458,-0.5513131451057536
0.7437622568464722,0.6914291533350424,0.6156740619076162,-0.6033390808855357
0.6390885688497674,0.5938228354263759,0.5846981410184634,-0.599272533591742
0.7847706399852492,0.7308971675375227,0.7163116877272532,-0.6768184798326241
0.6857244967500057,0.6408362220080777,0.6315078183321328,0.5816314097518317
0.7516941666926111,0.7069931222108735,0.6607289404350432,-0.5469262235020989
0.6905500659032923,0.6349368510567064,0.6237751991492169,-0.6965341552816043
0.6398891018291074,0.6017715089501556,0.5615331956433367,-0.8000000043818266
0.6177144067672955,0.5795992994732392,0.4872982581548486,-0.6014416952289818
0.6779027557031398,0.6253998894975745,0.6221476839400759,-0.5741027436105561
0.7204887818897794,0.6804880180576951,0.6391294321071869,-0.7848605689152228
0.8568301898161677,0.7937642081834764,0.7752914912627393,-0.765383452473513
0.5130013829371459,0.4764579167918679,0.47482281515677277,-0.7845528494237205
0.7913436019001447,0.7313695725478198,0.708937862626338,-0.7845528563258529
0.8279765614018159,0.7839452383789721,0.730315357484731,-0.7652842698409437
0.7486557668969158,0.6909256206325329,0.6796264965958878,-0.5504175498512436
0.699297795805875,0.6465094690116966,0.6330030592769742,0.4413628901265732
0.7397946821626791,0.6970954576457915,0.5845240442838764,-0.6245672559903419
0.700096825248868,0.657322820200525,0.6573228218537543,-0.5825316388418046
0.8065535922341703,0.7490752778514191,0.6934601238592488,-0.784860568916623
0.8208833641933012,0.7796921536325754,0.7321526719835627,-0.5137402592334067
0.6643094834921692,0.6281204172090049,0.6107785444329499,0.6107785444329603
0.7479999831722117,0.6920676832853506,0.6920094501322549,-0.5761022809392818
0.7989676759440532,0.743889517030163,0.7371282191239682,-0.7848605642110075
0.6929789116230163,0.6447001682413986,0.6447001690285243,-0.5740014686302131
0.6283934104369906,0.5803730479528182,0.5798263636416936,-0.6515844234248862
0.6385856838198278,0.588518151758821,0.5840188277591287,-0.5745963963089454
0.7427071081985113,0.6878672094766825,0.6857364277428987,-0.521393165688653
0.6662983201111976,0.6186809312085674,0.6186809304547292,-0.7646643118277665
0.8171025682371107,0.7640294151177639,0.7541845761318184,-0.5196152470218321
0.7548150176677149,0.7194185576650179,0.680544267963239,-0.5459805828182305
0.5987791393795453,0.5587690848040525,0.5587690780322109,-0.7459668930354959
0.5751680396085574,0.5346177495322036,0.5346177491416901,-0.4648438977964937
0.7210014764832404,0.6646569207438742,0.6578830855474067,-0.5203681645856207
0.8354431171896278,0.7760221384197217,0.7499840444211263,-0.7845528494237217
0.6968571790482307,0.6289476135448633,0.6551786498683807,-0.5767688701084146
0.5982792098762686,0.5538877299320033,0.5538877435987665,-0.6267061848374089
0.8755198789171301,0.8245133468884571,0.7236426398714746,-0.3711467611515117
0.6665441781406531,0.6117359888946391,0.6094373731545688,-0.7645715842020014
0.6641913421331556,0.6119660122714092,0.6076030586433678,-0.7845528588342915
0.7431083226700869,0.6879579115418384,0.6769043432431477,-0.746149546237673
0.5785771820374565,0.5400570579770295,0.5400570423206064,-0.6251824521492999
0.6485878459126373,0.6029732041690486,0.5927756599530283,0.21047995675425177
0.726502812376572,0.6756662049167438,0.6677780790832596,-0.7613417873117091
0.712427373951338,0.6507089280157293,0.645766233181174,-0.5765891359293775
0.624652382589719,0.5712506925789244,0.5611162389054365,-0.7630918970934834
0.5976190418415555,0.547545002531161,0.49309201722456786,0.43674852894124006
0.7692826991185064,0.7149059150450685,0.7050109335168219,-0.7424281138418918
0.42153697692069314,0.3909279407580186,0.3909279405782877,-0.7637251532665421
0.8309052598482953,0.7759668591799478,0.7523412442934037,-0.6519206088045113
0.7358352260342984,0.6874534566773408,0.6692985357375711,-0.7845528494237226
0.5880213296313193,0.5472148839811153,0.5472148854528359,-0.7633124109932433
0.7509143211244438,0.6987038347009551,0.6032800672014694,-0.7845528588342914
0.7509274155390868,0.7006024798008983,0.700602478035623,-0.5450578076380688
0.4718323166052559,0.4386414652905436,0.4386414652905369,-0.8000000043818266
0.6681562570966283,0.6153233529942421,0.6064143562573285,-0.765183531512266
0.5864746599275829,0.5587627978754903,0.5587627867458004,-0.8000000067424066
0.6120387252227875,0.5582553490421367,0.5241672670992347,-0.6718031611754364
0.8081805296608013,0.775771712199286,0.7306523925117108,-0.784860568916647
0.7330989621308833,0.7014095893870498,-0.8000000043818266,-0.5460209193630818
0.7657628359842891,0.7212775808898122,0.6598880357923771,-0.8000000067424066
0.7026918259528802,0.6522861758562749,0.6108800798838641,-0.5737074174795442
0.6035872642407468,0.5572553410063359,0.5498602304635554,0.549860219494191
0.6653355027377056,0.6192120109034465,0.5944941546184813,-0.6259371286669162
0.5989172612587785,0.5522990804954345,0.5369051700010307,-0.7845528541290074
0.8226138695363243,0.7724084956069479,0.7606490172169154,-0.78455284942372
0.8013119301929214,0.7399331511791369,0.7370523708906179,-0.7444813131944081
0.6421792241556059,0.5948787252313168,0.5145086954046519,0.628728108498856
0.6212958431721801,0.574898937268725,0.5624157445948916,-0.6308984663913566
0.6421969312469523,0.5970564219324996,0.5764308781621241,-0.6001063665768218
0.8334755139487611,0.776651099859706,0.756665729073331,0.8131387362130628
0.6941719072026082,0.6573507650645372,0.6154274495946488,-0.7655921955359744
0.503375783898085,0.47111172355405917,0.41302886224065316,-0.784552849423743
0.7186556002366312,0.6645485440996544,0.5283807067952198,0.6159154814121812
0.6895508496097869,0.638562265549987,0.5527691725736127,-0.629350967834396
0.5818504216475798,0.5351267748310695,0.5351267735066755,-0.7422012954288044
0.7434006422725137,0.707006205477152,0.6704122263351269,-0.7845528494237235
0.6231726153986765,0.5683684902064653,0.5683684856852539,0.5426887385071091
0.7597134295113687,0.7068723058706496,0.6967766172397455,-0.7650301668222856
0.6057156448857237,0.5505886514045634,0.4689131464875782,-0.7007617321565778
0.9254847474892236,0.8725256276955661,0.8203293642939236,-0.7848605689166532
0.671414601130377,0.6306845398448372,0.6080622497075874,-0.5702022463275604
0.7436430741083927,0.7098543847872408,0.6586915113846185,-0.7845528541290074
0.9130885639374845,0.8517625947025618,0.8349500378010302,-0.7452641953214656
0.6001974424254277,0.5502814214571738,0.5502814228205275,-0.6268475207346886
0.6129069590553016,0.5651666978590306,0.5651666969021909,-0.7845528564816494
0.7155562237545254,0.6819063947935267,0.5516427563213526,-0.7845528517763654
0.6673636352604319,0.6008094281146849,0.6190260159325618,-0.7419545110337805
0.7662058946322713,0.7179760948630833,0.6901436835329396,0.7654947355518946
0.7201640663504425,0.679743560916986,0.6454454697933718,-0.7246217744609988
0.7946833375020816,0.7535559415911854,0.7115159392581992,-0.5248511788947728
0.5966910636887649,0.5435638375415586,0.5408332834076253,-0.7428415879637144
0.60215426686388,0.553013344812213,0.5514946851688155,-0.6010854355793092
0.6266820844428129,0.587792358984466,0.5753932603377828,-0.6034270135387915
0.6621391635962304,0.634230631029987,0.5963506364860454,-0.6004393986083945
0.874386885641715,0.83470435640436,0.7887539963368461,-0.8000000067424066
0.5859816980988413,0.5403645193397287,0.5311094343910437,-0.5732067025943729
0.5933716551594732,0.5556912855352178,0.5556912855352187,-0.6998435404693303
0.7613443505815343,0.709297811891095,0.709297811891095,-0.6038682796393438
0.7685104155544664,0.725799583922968,0.6223569785990127,-0.7634579202267144
0.6624547703430529,0.6183418370118906,0.5345780126245708,-0.568797684021881
0.5757437969851376,0.5322559284209493,0.5172126603182762,-0.6248779995642522
0.6963211450727409,0.6633783367522919,0.60578162141303,-0.650374191190547
0.8119924796031212,0.7543894660878783,0.7512635933949284,-0.8000000043818266
0.6822070903925435,0.6224175262749232,0.6181823960272403,-0.5793422464523124
0.7080381710162333,0.6512157775082525,0.6426016364628814,0.46998400137251806
0.6154936468370751,0.5732406175207836,0.5579335601053009,-0.61394959590144
0.7137850472161504,0.6643303274535661,0.6538636712295949,-0.7611698611276595
0.7352130196456537,0.6833537464805488,0.6736125911501378,-0.5746364528392356
0.6599778418356408,0.6279403931158948,0.590578780956113,-0.8000000067424066
0.6853052362696037,0.6377960556586412,0.6253847042667293,-0.7808771707293389
0.7477477132246395,0.6963321040149288,0.6790643054619897,-0.7848605665638384
0.7242544368649588,0.6802162598065027,0.6313947971051107,-0.7845528564794984
0.8254381637607217,0.7661611278070755,0.7371640168402271,-0.7456662497433572
0.8134371792826499,0.7504493603567456,0.7497863670578491,-0.7845528541290075
0.6502722964365932,0.5936568386836931,0.5831835751209078,-0.7848605665638385
0.6421998851281203,0.5956522592985369,0.5803252103951735,-0.7845528517763652
0.6019921997719813,0.5568058548809671,0.5897952120506811,0.5568058572423426
0.5761953173281158,0.5420501238421633,0.5066716402903726,-0.6252601126852699
0.5957894834643122,0.5532618419919078,0.5451290606384231,-0.7848605689166532
0.8432973564751265,0.7865480055472953,0.7410213493352932,0.8105023644540176
0.6464910687175774,0.6106659714684892,0.56902488477135,-0.6001588575233039
0.6604707711717225,0.6132704789523096,0.6102615588174618,-0.7845528494237114
0.6096155262722969,0.5574756183646681,0.5508942239385851,-0.6015682680512872
0.8468313580147261,0.7849606368313112,0.761372876741866,-0.7848605665638227
0.6625192474235668,0.6141803443926158,0.6086915478273021,-0.7640681165347428
0.5679564509361938,0.521186608373953,0.5211866082976163,-0.6423152800787844
0.8733868582806074,0.8370363954946136,0.7840312515850497,-0.7816330055075507
0.5756197571568282,0.5425157876266958,0.523978797171603,-0.6722573159610932
0.5748335286132913,0.5312848064416482,0.5312848041037697,-0.623998852072708
0.734569117353965,0.6842221753010185,0.6842221753010185,-0.5471444535550245
0.6753784088044565,0.6283277142660866,0.6115882452268666,-0.5978798350137365
0.7174079831852986,0.6736841395665494,0.6736841495277459,-0.7848605689166396
0.8271724181150387,0.7794399454713764,0.7954342656051647,0.7954342614942269
0.8579584505278113,0.8149696933597309,0.7690975774214625,-0.5000264813675929
0.653114971375435,0.6031749540276539,0.5906807704615242,-0.5963250154653126
0.6919241062725698,0.6431998804263301,0.625860473764928,-0.7642761858545993
0.7266620239962918,0.6779220061425502,0.669417947821696,-0.5487929888616153
0.7764540535506905,0.7149359028549799,0.6975342270378533,0.5356074374526737
0.5869890416927946,0.5450379700461674,0.5221344102523778,-0.5482117253598202
0.7316994495173763,0.694284618869527,0.6520894134301847,0.23434317136948332
0.6743766517791869,0.6218032608913513,0.6154239567338575,0.10373440950050879
0.7410337207178523,0.7063205586443099,0.6246432343411572,-0.7639574582492924
0.8789576856723343,0.8200180361001754,0.7989640629719901,-0.7252405862652429
0.6972660963550907,0.6500643278058842,0.5819490426358088,-0.7003260549979494
0.680814766931083,0.6341416207147466,0.6138554844883326,-0.577668231927987
0.6557723945464278,0.6069019932446847,0.6069020013623309,-0.7221244067236141
0.8444533112965997,0.7878016248322258,0.770370445003934,-0.7848605689166532
0.7011919363738274,0.6579515142892234,0.6579515142892234,-0.7616286482749755
0.6267475918558886,0.5754106251881734,0.5754106283735846,-0.6997841468216297
0.6609348090639651,0.613822852493557,0.5905281051832363,-0.5944951875303816
0.6554510007158847,0.6086522836483595,0.6086522843801632,-0.7659380136893725
0.8183181591325215,0.757597244414465,0.6619829836123037,-0.5220220962463481
0.4431219899324131,0.40621708239412213,0.40621708257267086,-0.7845528494237236
0.7304123766650699,0.6806150806744473,0.6648850637622852,-0.5503173245244604
0.6379232234498778,0.5914629217416782,0.578992845071481,-0.6085316159172691
0.814939564864795,0.7691988337942386,0.7171806678972346,-0.7845528541290074
0.7732208571886677,0.7295578611568221,0.6192306072430207,-0.7634330304118584
0.762021736952029,0.7072325163229045,0.690223894177092,-0.7629113643132285
0.9559940956551213,0.8971744131074002,0.8679133118824041,-0.465182303388218
0.7619444934629317,0.7014456756302734,0.6848037506720567,-0.7643644975081259
0.6865316494315181,0.6316433190476014,0.5836115136262197,-0.7644092156635898
0.6549827875108448,0.6101540066336008,0.6101540073758507,-0.7812822567999678
0.830326660544182,0.7718155898116403,0.7649609017663341,0.7649609037309597
0.7205907899505906,0.6698609658578355,0.6698609666841415,-0.5457594309038842
0.681688335221993,0.6412798349729327,0.6122538770654566,-0.6519929451014367
0.612560711651539,0.5596404179284431,0.5596404201023131,-0.7463429377435886
0.6587407914720692,0.6136221420160142,0.5178343297606501,-0.7845528494237235
0.6312275483192926,0.6023081353415995,0.5698434701704288,-0.4043044913237608
0.8708666454693001,0.8343919840973012,0.7876388124482279,-0.7010944373526555
0.7695150609107786,0.7364844584531445,0.6425653344138511,-0.7428748141526016
0.805456562449625,0.7717915908957356,0.7273617415025884,0.46612804350261794
0.8063883455006831,0.7467064920884872,0.7291902671598754,-0.6305597301891661
0.7395722430703895,0.6976094261989421,0.6486030234773775,-0.7646311583763724
0.7841326464575586,0.72451662535955,0.7245166327936152,-0.522529379526205
0.6131640381945265,0.5787224267196143,0.47600728227306355,-0.5956833886427874
0.6304851643573409,0.587498322397398,0.587498322397398,0.3893417526768182
0.7039208610467091,0.668929797756396,0.6460195583805752,-0.7845528541290074
0.5683338790886892,0.5231361424902535,0.5185588039500233,-0.6744916181125773
0.7960852824031728,0.7458279794009586,0.7250619564352273,-0.6282416441154881
0.6601127375648539,0.6104309464815696,0.6007477829068242,-0.8000000043818266
0.794990265140108,0.735629803814771,0.7253759041587362,-0.7652641151781595
0.5971982670711742,0.5453538350392764,0.5419762504084606,-0.6014687200736601
0.6607729215727667,0.6201664876275627,0.620166489134357,-0.5870296971693701
0.786143981996361,0.7299404980374188,0.7216670939319321,-0.7817109300008508
0.8506669651960412,0.799810355052806,0.7074235495889744,-0.745541725473791
0.7883481732460125,0.7335884642415473,0.7051619137008837,-0.762106828103295
0.7336490272895422,0.6846626659851494,0.6035444629875804,-0.575387062274225
0.6859286033232013,0.6386705356599239,0.6280593702810939,-0.5461109774066011
0.5075104403082997,0.4572080601875539,0.4536329989333782,-0.7214074382174077
0.6902763262140533,0.6367401278155483,0.6367401262414917,-0.6548091911857591
0.7633136124859619,0.7035824295817568,0.6929774480411603,-0.5476597889282072
0.6416120754956529,0.6115590679590576,0.6115590686958177,-0.6496967747227933
0.6396821560728373,0.5897347931127408,0.5897348005295191,-0.7845528564816493
0.6331330999940055,0.5795233929867147,0.5795233878396442,-0.8000000043818266
0.654261576424147,0.6093121921357548,0.5841191435059677,-0.7845528541289996
0.8232019160589825,0.7601856280735074,0.7560280437556841,-0.7845528541290074
0.72979887343982,0.6826037234496329,0.6466384125575835,-0.7845528494237235
0.7188163384090885,0.6863314779273763,0.6429165937531738,-0.6761406541232631
0.6333471670983161,0.5794349079473484,0.5793514441811751,-0.7451579076383161
0.6778265677912961,0.6359765925201227,0.6056275477241138,-0.7845528611869346
0.9140701048643576,0.8578157119568042,0.8348914264907484,-0.7651842421598407
0.710376442780329,0.6734786557391319,0.6734786591091501,-0.5216802671580095
0.7726600467926457,0.7143898739943989,0.7043279859289687,-0.534712827543323
0.7541797446353071,0.7051883299326377,0.6439423319015122,-0.4624849857466207
0.7674801086908498,0.7177608686015615,0.7091857074452863,-0.49208208093191497
0.6149458911968079,0.5787447823629311,0.5388727344302202,-0.7622394939913031
0.9704294912501488,0.9158729682929903,0.8132484161513055,-0.43624444288490843
0.70895140249513,0.6750029968395898,0.6310776299072582,-0.7425545104380443
0.836394111381628,0.77974913315433,0.7660441525796537,-0.7845528517763632
0.6381323636247844,0.5976613586591907,0.5976613579411802,-0.7845528564809969
0.6207091909275584,0.5750725434822728,0.5750725498532955,-0.624873804804911
0.560914310164286,0.5088643207198461,0.49891491780403896,-0.7451374813145644
0.74946231357797,0.7096460049119773,0.7096459960017243,-0.5483148450369942
0.7076421273087369,0.6515484190486447,0.6400368379181087,-0.4041347002206628
0.6449725973859964,0.593263450985379,0.5879873523116087,-0.7845528564804132
0.7696805420291426,0.7216430118181274,0.7020218528187673,-0.518921579459124
0.7017223276693183,0.7015017905808696,0.6540595185461281,-0.7845528494237222
0.6985128259758249,0.6437098277603919,0.5651193550326786,-0.7845528541289993
0.6623397073722244,0.618511745820089,0.6185117458200886,-0.765035102473973
0.7779427603198944,0.7167911294473052,0.7011893737910538,-0.5722843996970048
0.5267052338238836,0.48780721189530857,0.48780721342630157,-0.7209167882010209
0.6402278759319121,0.6025828609075772,0.5329074172183059,-0.8000000043818266
0.6543653004920615,0.6007771317199522,0.5039986032046423,0.6382516789231192
0.7916712847846117,0.7348057985216323,0.719219511434389,-0.6987160685878604
0.7503553320696419,0.6950849908007192,0.6862887437666036,-0.5346048032329427
0.6508553959160654,0.6040905696682861,0.5855906473468695,-0.7848605689166532
0.5752578470906451,0.5349130029835552,0.5349130067478116,-0.676895890809755
0.6365646015181972,0.5848080396559889,0.5640481392720611,-0.6723245666507699
0.7103517748918947,0.6493739961179188,0.6337156824473529,-0.7845528517763651
0.6634318975880953,0.622588808434659,0.6156322079854022,-0.5736467587048719
0.6517042000706375,0.6080777781149598,0.5929188484251913,-0.7848605689166471
0.7147522544493982,0.6555869270075017,0.6376871584074033,-0.5762295268358535
0.7086787997526092,0.6731716254564026,0.6347689377704461,-0.577220529016292
0.7597826271508995,-0.8000000043818266,0.6684836341394974,-0.719959556863716
0.9622107471436296,0.9152683338319318,0.8527173248695458,-0.43289221806687933
0.7436193351576312,0.6878389143693813,0.6683160452202381,-0.7845528494237134
0.7382241816087534,0.6854320914886304,0.6661776620341874,-0.7845528541290073
0.8322299673637992,0.7999323639350192,0.7413581534903683,-0.5465255725316801
0.7015232605003707,0.6548329884471906,0.6498396605463312,-0.5991615956078842
0.8452828574388916,0.7858713204998619,0.7013175816239521,-0.7848605665638357
0.8261615106002974,0.7805189510377952,0.780518951037795,0.67771643000868
0.8017562473656163,0.7437806359319667,0.7382535703547328,-0.521798619258213
0.6500713434317575,0.5952986828808369,0.6335467105994297,0.59070562633371
0.762023716499226,0.7133368971438809,0.7133369026028838,-0.5773821576715419
0.7876191776603634,0.7319003117464077,0.7319003136030822,-0.49416744065233426
0.7956084520623516,0.7331502746035901,0.7201783376525086,0.7951563291652791
0.7759682242681402,0.7379216383007242,0.6928598293943999,-0.7662293817125868
0.7054157499943254,0.6495737309439854,0.6495737293202832,-0.7657572491069058
0.6934538134944082,0.6702570836587495,0.6330267438121279,-0.8000000114635666
0.6433037441748588,0.59286556568516,0.5846681259289801,0.13955290912971657
0.6561382335013999,0.6169778058913236,0.5733208297593825,-0.5963622392570667
0.7403198046079675,0.6973112603203115,0.6768602519587587,-0.5471963235550683
0.6741976645774651,0.6309533876726332,0.6055050143771696,-0.7645401368028658
0.695483791985515,0.6396403238535131,0.6356416728107377,-0.7845528517763658
0.9051168950685804,0.8485923404584755,0.8240758529289243,-0.7418162219782701
0.6878810156112138,0.6302467345712643,0.6297353645789918,-0.5739563069646896
0.697941594905647,0.6486033921392337,0.6306451610500485,-0.5754925989403827
0.6220424494923413,0.5761084190007019,0.5533130085726117,-0.6248176193179715
0.7699469306455413,0.724293804325062,0.6914830431430945,-0.7845528494237273
0.48369311698446266,0.4433706230118784,0.4265045202685114,-0.8000000043818266
0.7251925842692895,0.6870502777905589,0.6470715252044421,-0.5492244978145289
0.6839908235569714,0.6245773896554563,0.5339367405391627,-0.5802647388441323
0.7055771865291485,0.6560333093706407,0.6301788083337438,-0.574946274826995
0.7041304368975384,0.6433588475333553,0.6362218822315622,-0.6998316274020135
0.6775224079981879,0.6338176624095795,0.6338176616317477,-0.5734509838664208
0.7382095623233789,0.6824246281910782,0.667721252034632,-0.6255172934719445
0.7110019784146842,0.6601073300736329,0.6334442951240868,-0.5579121370847748
0.6848627013449025,0.6271089557340216,0.6219985548157095,-0.1478679306571743
0.6670698706161831,0.6246116337049774,0.6120666001437717,-0.5994322143165436
0.8031523934261051,0.7419424745434381,0.7362005205571365,-0.7845528494237161
0.6081460718616519,0.590216371598773,0.5444175474272183,-0.7845528494237426
0.616826268024964,0.5626385677029473,0.5530707767677985,-0.6243164825783938
0.6612128003839204,0.6126135039798402,0.6126135076932965,0.5568638256025659
0.8693728723767132,0.828706090438957,0.7874981415336539,0.7587670807064228
0.6798944123029695,0.646986722012795,0.6120897158248638,0.5875473069587345
0.6984684572382769,0.6479335177042823,0.6171243444282741,-0.7845528494237222
0.7691139537054411,0.7138995580696581,0.6171448716555998,-0.7659071438866869
0.4711388347723597,0.4384041322765448,0.4384041340177868,-0.7515983007771363
0.5651280142565984,0.5281007720795213,0.5123619109700306,0.5497624915228998
0.78987797116752,0.7485683416972044,0.7076129096570949,-0.7845528541290075
0.8669792260078673,0.8340896942984969,0.7854597556166257,-0.4859092920306085
0.7144874491011366,0.6695933658873207,0.651307016881107,-0.7845528494237235
0.726332726846123,0.6722888816500785,0.672288884975464,-0.7845528541290074
0.6209386940969016,0.5723363572036074,0.5632267899856294,-0.7646569967213961
0.7624420542629871,0.7251298610915068,0.6746513078704959,-0.7845528494237234
0.7362627329350657,0.6997121092280492,0.6997121074956996,-0.5452997492769784
0.6479557948190668,0.5947755773216303,0.5823059911267667,-0.7650209059247017
0.8645814041531068,0.8132742694687602,0.7593439816763321,-0.7848605689166249
0.7435046593964068,0.6884451035133775,0.6692141078372486,-0.7447367016529198
0.6733615933897537,0.6237900759664765,0.6237900782390604,-0.7845528541290073
0.580819812481841,0.53655992444648,0.5216972484946673,-0.784860568916651
0.8464299598150826,0.7933116691251434,0.7694305535973845,-0.7811866449375934
0.7448853980914585,0.6962147167021239,0.6836887076153153,-0.4042160959156428
0.629440222044672,0.5952031291710222,0.5585741274622213,-0.5752003155056463
0.8547329891958172,0.8067642137651264,0.7568601925604925,-0.49897491322737697
0.7175057105274945,0.6637477069964737,0.5621204140344033,-0.7649002186717657
0.4804814005250658,0.439049054881595,0.4390490549683001,-0.6448941440877722
0.7859870058940288,0.7503417210508574,0.6446271383678736,-0.8000000043818266
0.6957982412121689,0.647059855946069,0.6470598631501767,-0.7845528588342916
0.693373670542256,0.6492279077951382,0.6345242171814497,-0.7845528517763655
0.5929792095743844,0.5388810888769462,0.5329305629223822,-0.7012152209886411
0.7255476514634129,0.689800108122623,0.647950249128919,-0.722935515391433
0.7301294233301014,0.6916630849493929,0.6511251119917586,-0.571324015389338
0.6225180923254043,0.5710769998114736,0.486656538966613,0.2864698272808738
0.5252607137019333,0.48405615240513794,0.4840561535897475,-0.6744587382684988
0.7596545507272275,0.7241688205621905,0.6818641649389546,-0.7845528564816493
0.5609588070838076,0.5198508038804135,0.5122639910750657,-0.6249045470645411
0.6049521627820147,0.5644405468141043,0.5644405379808379,-0.7381273568316555
0.6551815068667619,0.5996256369970108,0.5196818693772453,-0.6070776851762348
0.7671978555030017,0.7108670807841966,0.6911323462699571,-0.5229644321837241
0.7925350523166377,0.7575849868276495,0.7135212267157018,-0.5724679931837175
0.7134557807860425,0.6672693717442993,0.6420964154764571,-0.7636578674630482
0.6817673924489038,0.6395186759915332,0.6140044456939799,0.21268817758058298
0.7434730316037186,0.7079458383857578,0.6694309973874816,-0.7816079752673335
0.6419441692768255,0.6077205975792173,0.6077206019411607,-0.3765973713269883
0.6455815144347026,0.5953067517036436,0.5713473139907816,-0.7845528494237236
0.6541124066936814,0.6261118913191145,0.5888255394207502,0.5888255432086975
0.5314075213117472,0.5005574200416869,0.4775254429032734,-0.784552854129011
0.7858648970095223,0.7259961228404759,0.7057132445959307,-0.5211728209644634
0.5692542878129303,0.5251463060745362,0.5117802726726214,-0.3493577201608863
0.7079929898997354,0.6532160279044443,0.6378997067397715,-0.600101582491299
0.6418390466128786,0.6016588122069793,0.5833237785277855,-0.7199105508315838
0.7216315934655508,0.6924455603054662,0.6924455620352841,-0.5482164728455823
0.6898446995266426,0.6336038825312809,0.6336038912101248,-0.7251973185665943
0.8168165326880564,0.762159547633774,0.7276538122079733,-0.49202305182804335
0.7884369344213388,0.7263257375200621,0.7121060249557543,-0.72495864671548
0.6485045651174302,0.5984897682674287,0.5163093318294131,-0.6987818837611778
0.7529405361407444,0.7099621046022104,0.6668387487466788,-0.550449757146185
0.7364175766807455,0.6998104625650249,0.6555646513894339,-0.5761706016279402
0.4999410596701705,0.4583126614439206,0.4363046734237791,-0.763785360960793
0.818336741270592,0.7809863750675825,0.7294272936334676,-0.8000000067424066
0.8121935089633432,0.7637885570176077,0.7183216669615625,-0.7845528564816493
0.7064621977158883,0.65679880589332,0.6543536523853235,-0.7845528494237117
0.6555519858636489,0.6097450641693887,0.6071865537247516,-0.5723644054040917
0.6652157331859854,0.6121519447523633,0.5991448237821767,-0.5769724746034236
0.715711420238911,0.6737759803589811,0.6548918325684416,-0.7845528494237235
0.717396473339619,0.690209447621764,0.6459330956791005,-0.8000000067424066
0.8586812775394578,0.7920419140182156,0.7837661171265529,0.7184993793325669
0.8603996333173504,0.8306963165697623,0.784017992946242,-0.5433390595615591
0.6681108771177424,0.6152178788181086,0.6129294432838139,-0.5758196452422802
0.6995202855811702,0.6431542294540062,0.6241276683823365,-0.5738923252360022
0.76526895721909,0.7256060984233953,0.6789605884279893,-0.7848605642110194
0.6881063033002341,0.6492958211319759,0.5541062559480865,-0.7641858478235115
0.5848634618495824,0.540239832817446,0.5332779164644125,0.5700696253967736
0.7218100956489886,0.6807104731292397,0.655568863684398,-0.43488429172400683
0.7885361927035509,0.73114972024661,0.7236281455153554,-0.5272334276793909
0.6880339755419662,0.6352516982301124,0.6725784154928458,-0.7845528541290039
0.47770306814807423,0.4449805716878954,0.43117151164202905,0.4311715117282623
0.6569172522858747,0.6045724578855745,0.6045724636822902,-0.5972902157924116
0.7813818505762148,0.744344340760287,0.7039207068866844,-0.8000000020212467
0.6576782988041171,0.6237423204481235,0.5864129718632092,-0.7650758192516854
0.662487853479782,0.6319479820330779,0.5339329692461143,-0.7643016275977716
0.7595336158551202,0.7262977462652158,0.6838084837199525,-0.5405742979507389
0.7295193465312234,0.6979953562345291,0.6301332857561603,-0.7845528588342916
0.5532568195764948,0.5160340112308669,0.5160340113059345,-0.7845528494237176
0.7235751312353207,0.6718382725973202,0.6624732513910141,-0.7647843347794115
0.6941522062886196,0.6348942559671856,0.6214996984546475,-0.764009816005535
0.53815218261608,0.503844908464701,0.5038449097656689,0.5038449097656712
0.690183646551021,0.6377888876499209,0.634257957577953,-0.5744418390390972
0.7494396166093664,0.7184704102355082,0.6730838741891991,-0.78455285648164
0.7072343855984856,0.6598216293445096,0.6415543826738277,-0.7845528494237235
0.6529873325614541,0.6068933476971283,0.6032172785835148,0.5481273781829187
0.6657258088470333,0.6237634688040328,0.6237634672582099,-0.5785783801176186
0.741986289115785,0.6821496360374121,0.682149630951735,-0.7665669792481038
0.7727098385783375,0.714032797560849,0.7044645737698785,-0.5484248663618976
0.7422569313773844,0.6828663463563357,0.6779827113763727,-0.5471983833137878
0.7193054936246839,0.671163986336503,0.6549910710346158,-0.5959671934668597
0.8051803819352428,0.763267591399472,0.7129896927366817,-0.7845528541290078
0.7135114565223982,0.6590594543582413,0.5594844106905656,-0.5730663623465051
0.6611560391325,0.6129450782042607,0.602519587578939,-0.7845528541290077
0.6711894036426778,0.6223180237960969,0.6223180192443785,-0.4361072704708087
0.7495709652119162,0.6949393144790192,0.6838045815630093,-0.5483515482521932
0.7780805758004682,0.7215924331402158,0.7120855952999707,-0.7449578195455674
0.6443056065575745,0.5975001686427326,0.5611190881196482,-0.8000000067424066
0.7370523484408802,0.6800997285752794,0.670132862649432,-0.5479935448325408
0.6014631873145666,0.5654024329127296,0.5288260585564629,0.47582284737877323
0.7748119344802973,0.7281834951059181,0.728183502466006,-0.6507364571203478
0.7074742848960414,0.6477389917457699,0.6263161951125404,-0.5775048228921836
0.6693264703979858,0.6159562682615343,0.615956268261534,0.6159562682615418
0.7337090398932604,0.7005411631337692,0.6561680419482506,-0.6209120225957039
0.6289350161695706,0.578446404224289,0.5695346746358206,-0.6524812937912181
0.6385335553865041,0.5907636820437759,0.5907636844865294,0.4506133481114647
0.5760007099123416,0.5408186329603614,0.5408186577665194,-0.7848605689166496
0.5879046717727601,0.5408460664612054,0.5256178084195526,-0.8000000043818266
0.6380794522865542,0.6038662705605208,0.5685140685469714,-0.7806870890316202
0.5655253537878904,0.5232273592179195,0.512574508770704,-0.6487930886819628
0.5998324574403475,0.5578026335364079,0.5490806358637847,-0.7845528564816497
0.6659335113421141,0.6219875229549685,0.5973811480743852,-0.49294083047592435
0.5405128204242221,0.5061457156881595,0.5061457164468764,-0.6517919258221104
0.6842938616908949,0.6338992753150816,0.6338992729938762,0.6338992737676143
0.7959311341485595,0.7508383776725381,0.7419150181985428,0.7085590229304679
0.9019483528974419,0.8383669332749646,0.9016732516466444,-0.7247764860451799
0.8518557363829065,0.8024017688525706,0.8518111397385619,-0.7845528588342948
0.5565150828402707,0.5115235849884007,0.45682532023957706,-0.7809178993103267
0.7544718008316298,0.7307563335709029,0.6793770796922378,-0.45842394191705543
0.6791289708368637,0.6257106369717421,0.533878347256428,-0.7654280334068005
0.6258477737937542,0.5789265491527831,0.48215132625784557,-0.7845528494237234
0.4819707553424136,0.4420567546889797,0.4167141070173038,-0.67360194333218
0.8267797126589245,0.7597158330040092,0.7555163189274087,-0.7845528588342913
0.7283697590734205,0.689843222852493,0.6437398597815782,-0.675781214473535
0.6520213935968084,0.6087658748515972,0.6087658689914703,-0.5970033440092208
0.7706824930081884,0.7115589762841733,0.7063554203825064,-0.6550298786805222
0.9206628192034328,0.8599922924030329,0.8413776928328307,-0.4067796296837198
0.729514146731673,0.6810703576464373,0.6577284390471572,-0.7845528588342914
0.7990144371708969,0.7646295297204935,0.7222814631245049,0.39486598713905363
0.5831134593758014,0.5411763055114018,0.5411762957802229,-0.6197664162927581
0.9006434688612652,0.8660582114717197,0.8139657935407024,-0.6997118950561358
0.6693108124643805,0.62462257380474,0.6237607147495146,-0.8000000067424066
0.9538490682454773,0.8973980391655889,0.861554546670123,-0.6753744015291117
0.746159077305947,0.7126600241737742,0.6753769513578437,-0.5435795068379266
0.4948514534327402,0.4611551732907561,0.42522386973226856,-0.17132760695290603
0.8632378339371796,0.8088140806830727,0.7543041546131553,-0.49287805179259886
0.7259298464948815,0.6902806467006116,-0.8000000043818266,-0.5452891559660826
0.5696253963604644,0.5291076467301922,0.5168705345667547,-0.7209503234158168
0.6268201989402375,0.5679872298156482,0.5591541036256541,-0.6240408526203074
0.7619744235177588,0.7078088621985892,0.6876552321257186,-0.7653962499299631
0.6843470286792621,0.6397841813736026,0.615914860644124,-0.7845528494237235
0.6870694142308764,0.6356353614988883,0.6356353607138145,0.34489588063248217
0.4889244983825269,0.44299170880313143,0.4429917085441287,-0.6971609855314167
0.6504773949872731,0.6075813331352632,0.5776409300038854,-0.5927376835523827
0.7493625390614551,0.7093676888425972,0.6632977968831986,-0.7448068490478358
0.7008432744093818,0.6593466633763051,0.6476592162582865,-0.8000000020212467
0.628988914226096,0.5825520147845366,0.5764348475304906,-0.7845528517763645
0.7463675611704539,0.6971520568348162,0.6861947037150906,-0.4336456170845128
0.6351017607430256,0.5786084493652519,0.4960061125094317,-0.6014759689631469
0.7705635777530386,0.7130703758070431,0.7047301677232228,-0.5415965337788458
0.7764145443059193,0.7323456402782837,0.7101543762767906,-0.5467989802629968
0.7254571937507686,0.6746074093746448,0.6741716264278981,-0.721745760600955
0.6578876058146099,0.6163183011705229,0.5265312264934627,-0.8000000067424066
0.6972003451565945,0.6402905228988582,0.5679936820033424,0.6752018892391636
0.6583521111092061,0.6091761781514997,0.6011310798370555,-0.7848605665638386
0.6204929513096339,0.5766664938175712,0.5516545937361643,-0.6775118999430476
0.7920762209759418,0.74601669642862,0.6908667222340882,-0.7624411954941551
0.601084032010393,0.5455642328967075,0.5331479579656093,-0.7848605665638274
