SAA,0.01,0.02,0.05
-0.18975696654506577,-0.16593683896570185,-0.14463287395893554,-0.08715592881934812
-0.09546293597333007,-0.07251192884997609,-0.052188975283788346,0.0031681587839591558
-0.17954397998642982,-0.15456394521369193,-0.13243480713028183,-0.07353062579708586
-0.08847427744475234,-0.06429704972814793,-0.04331577908801599,0.012940312296372958
-0.12396405502350558,-0.10007969048325954,-0.07881153481267952,-0.021595848015125468
-0.19091629933510484,-0.16823528507545604,-0.14789722025861,-0.09310789266494264
-0.12260607918954428,-0.09961617081278086,-0.07897374157926815,-0.02335121633287934
-0.11193226511289256,-0.08993572351304642,-0.07030727550289147,-0.01758389182664377
-0.0898987083960059,-0.06690477353312722,-0.04630617296686292,0.009118107786325073
-0.09545815209385455,-0.07447349300050662,-0.0550490854704232,-0.0015349105612009546
-0.09845576239809194,-0.07490266817935085,-0.05420044568566063,0.0006785027365640221
-0.17142425177406936,-0.14774294157045464,-0.12664674569500092,-0.06944357612604576
-0.1973578801916748,-0.17451755337793534,-0.15471725718846224,-0.09977856347114404
-0.1266610446862709,-0.1041178111908518,-0.08368570678728081,-0.028591443373327034
-0.2055482880862642,-0.18305017813262384,-0.16229592265540985,-0.10511633512073697
-0.12112860724004229,-0.09619686108322674,-0.074335439130023,-0.016791918909513565
-0.16565282348442983,-0.14400236659625423,-0.12405021020312507,-0.06883855396036928
-0.17739401909862637,-0.15156440013143532,-0.1283110239377504,-0.0666976103142508
-0.2180063395041698,-0.19327108683674976,-0.1709895199373855,-0.11034830624822492
-0.1322973855305012,-0.1088731352898815,-0.08840322208611193,-0.03287787396643738
-0.031205961537226084,-0.007798878397220361,0.012772403056167607,0.06652085928989176
-0.17213575692257002,-0.14825465582112649,-0.12659914880504372,-0.06937756477917624
-0.05134140674460192,-0.026311260738906946,-0.00527971197234977,0.049972209492405564
-0.10180192799619044,-0.08002897917129384,-0.06010928582155613,-0.00555667692044934
-0.16697468130072748,-0.14492004988332374,-0.12491771889765274,-0.07022945377716956
-0.17849496509014331,-0.1572428136341534,-0.1377306642864351,-0.08358369501513806
-0.08612499890228476,-0.06060945571784206,-0.03800694741822964,0.02036431709877337
-0.15024290620191738,-0.1264453050803286,-0.10525448347815836,-0.04721160656450076
-0.1657835816226205,-0.1422536692061762,-0.12127639329995589,-0.06500880866015545
-0.17192233889943614,-0.1483167347810444,-0.12699243255348477,-0.0689298197219271
-0.08761699450434465,-0.06293863450623714,-0.04107852423612233,0.017273620558761037
-0.1196337290914976,-0.0959541071013384,-0.07521792308564473,-0.019099472753707988
-0.08769057011732609,-0.06588692840087941,-0.04663744075056902,0.00543793139224205
-0.18439553569148398,-0.16255114312776914,-0.14351835105929214,-0.09244010579205021
-0.16640249375650254,-0.14246441247020492,-0.12077880476921421,-0.061747552873074874
-0.15140610925685463,-0.12805609638482643,-0.10691892428594425,-0.0494223587250208
-0.13140575662896037,-0.10707596927153022,-0.08581883735601356,-0.02939526621936693
-0.156831840029002,-0.13302121966936825,-0.11153770426813182,-0.05453612120056593
-0.1858442740493233,-0.16073701061789925,-0.13768408809597504,-0.0751155582717277
-0.19283903460550428,-0.17188177883593922,-0.15340924494083022,-0.10230164680437748
-0.20072615808203637,-0.17864596504709088,-0.157981346003421,-0.10144103091409612
-0.13390256984322021,-0.11078924792836832,-0.08994705363895465,-0.03432196053325028
-0.10417982421021899,-0.08171333713002776,-0.061760595693799325,-0.00823416095806348
-0.11329494713886588,-0.088212594899378,-0.06602156602735532,-0.007679138485756681
-0.14976617314235793,-0.12657737788017273,-0.10558148413735827,-0.04943556987463805
-0.06841161332427571,-0.046792081129876456,-0.026875596291376758,0.028113923085602236
-0.11223106050967925,-0.08822595546317248,-0.06745076590734221,-0.01247033997809372
-0.17891523515148627,-0.1554364686112439,-0.13439114214014802,-0.07857598621570658
-0.20230900404800886,-0.1789548668500918,-0.15806884022693998,-0.10095188982117005
-0.12052704561310304,-0.0983413344851743,-0.07836328046344113,-0.024796879684748654
-0.14046031338145779,-0.11595493076687141,-0.09391967700948219,-0.0356137028049272
-0.13206193470758404,-0.10865354792736649,-0.0874564585889644,-0.03000445678501453
-0.09881403739314347,-0.07366146682477488,-0.05171935057591263,0.007301097352418256
-0.20758242651254297,-0.1850518333989319,-0.16497496124650748,-0.11179433791267478
-0.14318712706188907,-0.12146589745675718,-0.10189141258059688,-0.0482789244720532
-0.15807806106712727,-0.13322641461585127,-0.11164358170195073,-0.0546220507090237
-0.17659092806311028,-0.151681959663366,-0.12971618267456123,-0.0706192223821438
-0.1969236506936051,-0.1728776748703502,-0.15112295933090927,-0.09278096719717929
-0.15359276191521803,-0.1310325024497493,-0.110582329799063,-0.05482968464864498
-0.1274433980413467,-0.10441504596075635,-0.08393702365564971,-0.02865617064269851
-0.10196475718811275,-0.07922145807625351,-0.05906052939948046,-0.004712475308775355
-0.1596555153513544,-0.13531800101170402,-0.11352039994471914,-0.05513553287357815
-0.09851109469644946,-0.074167418208809,-0.05353062103965479,-0.0006636107077023468
-0.10295264272286646,-0.07831237926482944,-0.05759819646977758,-0.0017807364973202399
-0.12019977811017951,-0.09718202631073157,-0.07679998875302926,-0.021407472283143002
-0.06448758119134171,-0.043420467300650425,-0.023944908163634943,0.03029255221889677
-0.13093541866531216,-0.10609554024366052,-0.08364503436108786,-0.02366365708809159
-0.0703495299600255,-0.04803906977532492,-0.028167313886024663,0.026187939424428697
-0.1689703799575604,-0.14627342663101386,-0.12593324544761847,-0.07094245074609411
-0.1268983298201108,-0.10319023573814373,-0.08208572634747002,-0.02511453002754947
-0.14329038406504865,-0.11998819298053498,-0.09903322267876458,-0.04222537981910208
-0.11371232775894646,-0.09015788581237649,-0.06881053124670218,-0.011110426496693316
-0.13484650349488586,-0.10982356441803476,-0.08797880518997107,-0.02975082229359565
-0.16596021120658558,-0.14108985604142193,-0.11865275180379706,-0.059131773277562354
-0.07631858895692184,-0.05187121822954487,-0.029799261478815984,0.03000617186471334
-0.19311068340465107,-0.1683056480307034,-0.14616984740076974,-0.08683831082198885
-0.14740618033373362,-0.12343963249794969,-0.10279291955413876,-0.0481305089720129
-0.14991124108752532,-0.12649913853817327,-0.1053253778137032,-0.04912605427765588
-0.1412590626728467,-0.11768040274115889,-0.09656600285098434,-0.039574760603030085
-0.12773887801595288,-0.10591963115101731,-0.08599871898837784,-0.03192983132839443
-0.17999832838802976,-0.15965642004448863,-0.1408227041870263,-0.0892402382487277
-0.18816497418651235,-0.16508054571003827,-0.14463636164496732,-0.0895108944792125
-0.17788644392262426,-0.15415936879850958,-0.1341466492928499,-0.07978002914037045
-0.18379326599391543,-0.16153976493672864,-0.14132057596663924,-0.08628727018841602
-0.2002665253014976,-0.17674259021795857,-0.1547795482659791,-0.09481379919001126
-0.07945995693644518,-0.05504751268461545,-0.033250357865992904,0.02411545259646094
-0.11429217916548738,-0.09132091179153806,-0.07097502502951464,-0.015801762744736957
-0.14893712716106552,-0.12571649969084103,-0.10533182764509401,-0.050119908254390874
-0.1666805256669042,-0.14393106153581725,-0.12387353371654741,-0.07047313018470269
-0.21098166857663264,-0.18732595545939082,-0.16609970493362033,-0.10806380635659758
-0.14871471783412238,-0.12378288232588647,-0.10127982541698918,-0.04231881663889201
-0.11061889382362891,-0.08800350844886756,-0.06740058280692925,-0.012452256653686655
-0.14626769256629615,-0.12277906669394316,-0.10229821879337034,-0.04608109381723795
-0.18679647461746696,-0.16399412367492935,-0.1430912421209931,-0.08528223819205978
-0.1801763572151018,-0.15610898421684358,-0.1351125618372162,-0.07899558354499686
-0.1812241385074853,-0.15775995279611574,-0.13701526471928968,-0.08120007740510173
-0.13315225237397255,-0.10941620260299313,-0.08850747975625925,-0.032026076605766535
-0.16428627912555857,-0.14170755593518042,-0.12118647214957923,-0.06583334408458838
-0.17222551679882017,-0.1495107661103798,-0.12874912868582544,-0.07312097713901197
-0.10730952047920807,-0.08375192786630517,-0.06303188575564458,-0.0068617423879325685
-0.0765546244099431,-0.05333100763957803,-0.03239505990195363,0.024571769236418215
-0.11874694487857523,-0.09405884483784596,-0.07279549516008069,-0.017077807195416374
-0.09783372082028716,-0.07307576907026288,-0.05130269658524707,0.007525421129036854
-0.12080872495515195,-0.09833488051855199,-0.07809060969815915,-0.022853162522541874
-0.10005350435573622,-0.07557849637709323,-0.05425335337381807,0.0045156694611196355
-0.12504978385752857,-0.10032680463893826,-0.07798000450261092,-0.017576884047508727
-0.12737291550122243,-0.10339414590470639,-0.0818381538618789,-0.022629698974483352
-0.08822942876483582,-0.06567900421678845,-0.04488440227982406,0.010408537659939448
-0.1569160741411203,-0.13377172460995246,-0.1128988303760842,-0.05683333076713517
-0.18647311284643692,-0.16523056265460537,-0.14599991255391132,-0.09308420102076044
-0.09546804254993886,-0.07186751974494186,-0.0514245816808591,0.0024794872571051296
-0.10187934530654068,-0.07797541261705589,-0.05615305172563337,0.001892186580882389
-0.18137249779379197,-0.15827189252284773,-0.1374453310934361,-0.08035130993441396
-0.07044436720866185,-0.04750306911460494,-0.026619309900810434,0.02912719623199771
-0.1256644507639031,-0.1013155739759694,-0.07983545221090944,-0.022490072229482228
-0.20344049021457355,-0.18172180385132874,-0.16140555342488763,-0.10514609494892822
-0.20804160413653253,-0.18356487452475176,-0.16150544739236564,-0.10180398706204706
-0.17091424864814753,-0.14892261895958436,-0.12913183136340334,-0.07455667501664541
-0.11398501354113519,-0.09025558473586263,-0.06953549909482827,-0.01391248846577284
-0.1758345074923102,-0.1523942976561091,-0.13119929528531463,-0.07275414657695847
-0.12896742237552866,-0.10623713034065778,-0.0859525677061204,-0.03227038679016084
-0.05432486744325815,-0.029604044162836143,-0.008078345404821614,0.049480092860358954
-0.12608697247594308,-0.10235032490287978,-0.08139270706929383,-0.026363828427651243
-0.15119412317284556,-0.1292349947865113,-0.10909554158777383,-0.053548647987923685
-0.20842704147755808,-0.18534521070718818,-0.1652151478142355,-0.1106136988361941
-0.21323817300129141,-0.1912237456324684,-0.17080680460670408,-0.11487049615134852
-0.12259787652001058,-0.09836068154763822,-0.07648572760718705,-0.017197727149349015
-0.1474301724316044,-0.12440298666076673,-0.10372821750750501,-0.04858394698523088
-0.16095361114423018,-0.13751244126754494,-0.1169247159015874,-0.06093562149323023
-0.1353690834860944,-0.11249815894360428,-0.09167714357808984,-0.0340786579426955
-0.13623048198948118,-0.11433997600573396,-0.09409806266351806,-0.03787202201598626
-0.14159342224729216,-0.11735066953591447,-0.09576870417982415,-0.0377213065745188
-0.1413273910288973,-0.11720064540776291,-0.09693728987044717,-0.043604398210550274
-0.24963931278926071,-0.22705615154864675,-0.20620309064361625,-0.14930588137584544
-0.10742655998661133,-0.08382352696515197,-0.06365271272741191,-0.010891888711882307
-0.17474582868072724,-0.1510070628318454,-0.13026345397932199,-0.07542019096588322
-0.11606063145249298,-0.09348528835844362,-0.07371540378762255,-0.019198057205446303
-0.20434584245493692,-0.18156304699640857,-0.1607010918202611,-0.10401140254456541
-0.12897684759308983,-0.10755984066243662,-0.08843063289096084,-0.03548971076484345
-0.1594791180948924,-0.13642229530702177,-0.1161773261260832,-0.06108099196988538
-0.0799457600550372,-0.05582030642551998,-0.03444324440491331,0.022994398264987132
-0.1479804629467972,-0.12277360773976136,-0.10006047378488402,-0.03956383593999279
-0.051739683295598596,-0.027113913359643246,-0.00615879278281672,0.048155390685958005
-0.24940383756401355,-0.22725002814935513,-0.20684650110437247,-0.1511989594727089
-0.22956208041831436,-0.2070600671315738,-0.18659018429472746,-0.1304053539289339
-0.13022796447799326,-0.10678965560579523,-0.0862659452477019,-0.030681776918545515
-0.0837741339233013,-0.06093254707960445,-0.04048033582816385,0.014670008733480816
-0.19213309279029606,-0.16839038950998475,-0.14673649992557694,-0.08790896529965972
-0.16625983371929695,-0.14354662791573294,-0.12371667459858776,-0.07019217554118336
-0.24150067868179909,-0.21804163727576253,-0.19681273868231444,-0.1384794933918076
-0.17399526422411263,-0.15020512416121007,-0.12933675517147633,-0.07287017961403348
-0.17040120326382338,-0.1467592586755068,-0.12532586695267112,-0.06719504285282524
-0.17608579646810232,-0.15139136834805825,-0.1291300891961513,-0.06947992714760384
-0.13435769523629437,-0.11220189743895555,-0.09237906863936766,-0.038898392157391194
-0.18840505623398227,-0.16417134575043227,-0.14319611081047098,-0.08701852612290764
-0.12262419420901385,-0.09838250675502569,-0.07733095681282791,-0.021245230568629855
-0.1279990166439365,-0.10488520590320248,-0.08444408474724431,-0.028739422900672166
-0.16881596144581332,-0.14541447755696774,-0.12541405601724026,-0.07216904183556522
-0.09206974249172266,-0.06851040803385562,-0.04751639878144086,0.009213006657402193
-0.14088641792745069,-0.11537582424840603,-0.09308796158601984,-0.033479229582180144
-0.13417949961615808,-0.110181809286035,-0.09007750604950102,-0.038064889745567765
-0.13413115975199122,-0.11135283929543614,-0.09082224118335942,-0.03492279386757282
-0.12748814155317165,-0.10268083226627732,-0.08075948646381295,-0.02325647655377305
-0.11486176313080954,-0.09229480034001822,-0.07177847660603714,-0.01596128317209409
-0.14565028736577945,-0.12208376615047045,-0.1008463749501682,-0.04388653709463404
-0.055255020231195676,-0.029486388353629916,-0.006365430222277282,0.055029566389114895
-0.13230911150183744,-0.10834467117705182,-0.08809583431430437,-0.034928433434141384
-0.16549707686728937,-0.1404248956319027,-0.1176690795440278,-0.05722623680444174
-0.13609377737853526,-0.11147282357046928,-0.08934616933622151,-0.030681156637354514
-0.09443391914467618,-0.07077351682736618,-0.049477721265260004,0.007802305873897529
-0.1733016548895245,-0.15242680263178002,-0.1330526569807056,-0.0788904282152221
-0.13854415885579419,-0.1156430308773424,-0.09492349326179665,-0.03990894506585515
-0.06796815059161719,-0.04330034293191938,-0.02135220282059224,0.03684825086030126
-0.16085061138573803,-0.13835575368891856,-0.11829255986182896,-0.06372916548265278
-0.0822481781465987,-0.05824713933708605,-0.03653341186901663,0.0215207644512022
-0.14280486838539272,-0.11862928603476217,-0.09741995294326673,-0.03995227585180367
-0.19854151917620083,-0.1748311580837075,-0.15298256641248836,-0.09383523179571565
-0.14611988508508814,-0.12316556378543501,-0.10230682534173177,-0.046854716237898296
-0.10223808508531108,-0.0790749586810368,-0.05823524412587396,-0.0016134080859996538
-0.0986177686468394,-0.07543770527750476,-0.05504668461992571,0.00035647513643480153
-0.11927117615516897,-0.09482741467833185,-0.07325420662248915,-0.015217130696089548
-0.21311497348262276,-0.1891293130638691,-0.16804346528612213,-0.11202738598064917
-0.17682418096262378,-0.15447063014040616,-0.13447000131832437,-0.08037050713833249
-0.11519719375525347,-0.09333761374438569,-0.07311227281493075,-0.01700560368287293
-0.15951682544837367,-0.1343220737762119,-0.1117151606773159,-0.0513309544375463
-0.11737774842999275,-0.09197718805272913,-0.07008673277414167,-0.01391879818356453
-0.14158843210604413,-0.11874600817877204,-0.0983834868394472,-0.04350803356215831
-0.12079443416285364,-0.09833655057840654,-0.07815892295433617,-0.023999158849265668
-0.06964113935664061,-0.04614893175805011,-0.025215040710043553,0.031153952112821123
-0.19670797079886296,-0.17251268644867146,-0.15045298840458443,-0.09041983191307781
-0.11467757802042809,-0.09236696508708593,-0.07212217904231233,-0.01743463868696506
-0.10663101345519051,-0.0826849450647823,-0.06140968064879533,-0.00467531794661576
-0.11375811880573829,-0.09000992844070604,-0.0687652584063065,-0.011151020440885014
-0.15309792662402513,-0.1299504682848197,-0.10903168773090957,-0.052206512848099525
-0.13912924502715965,-0.1149578697084769,-0.09373280682435488,-0.03691421251311524
-0.22071669228557947,-0.19777596315705842,-0.1766282690311982,-0.11851286886543552
-0.21065423517562595,-0.18605183136321168,-0.16389955354166125,-0.10438107451627988
-0.0702001277594903,-0.04911045586807347,-0.029843391185675364,0.022635682906898207
-0.23714443223543896,-0.2141749839614004,-0.1934958904016089,-0.13640495671482525
-0.21235432864076292,-0.18841997909994387,-0.16694436450922343,-0.10891819029317265
-0.1490695608172874,-0.12417871866777883,-0.10186092194886366,-0.042216814333656344
-0.06821744429578676,-0.0430376806716442,-0.02114567257225186,0.03624737855599163
-0.2328047326240428,-0.21015889862516896,-0.18986587212347103,-0.1341243498243651
-0.11232301120957937,-0.09057678027026066,-0.07023465859608617,-0.014307824788683969
-0.13677856811753522,-0.11454081648118751,-0.09477020344715648,-0.04118567855378227
-0.1835526457167281,-0.1608370443330976,-0.14072655908947637,-0.08558418023233881
-0.0603967113051017,-0.03844124730209845,-0.01856940150521131,0.03546737824173823
-0.13996755820767584,-0.11455080167995486,-0.09214271971446596,-0.032276695270410105
-0.21443086886977908,-0.19108160904374039,-0.17042421202764055,-0.11313792082561847
-0.16059216158422654,-0.1357256027236669,-0.11300908388232846,-0.05156259759606308
-0.14934091276129918,-0.12500207575746258,-0.10377700915678867,-0.047336309915574505
-0.101203558816003,-0.07817482266719494,-0.057414544860228255,-0.001874044875618422
-0.09618568885868245,-0.07203761891874193,-0.05048089709447532,0.007774068237053117
-0.12902139752118483,-0.10580898707248323,-0.08483413958308361,-0.028747250851166386
-0.18600570994810137,-0.16185611985027215,-0.1398972619884087,-0.08106402720057168
-0.22046586826689607,-0.196846998456636,-0.17550555310493424,-0.11793069053251044
-0.2179841605956734,-0.19568693683081725,-0.17587884096410436,-0.12167472377065754
-0.2720022542686091,-0.24997137302567338,-0.22936206172713508,-0.17167813422314634
-0.08274728450370471,-0.05801976001824363,-0.036770410633311504,0.019976410218426666
-0.10285144890979271,-0.08214483848445028,-0.06311337655473344,-0.011205383447773292
-0.15281558235135026,-0.1286660540508891,-0.10754458019319936,-0.0506846145499582
-0.1861552732389394,-0.16320011098357942,-0.14297815326813454,-0.08781555827500942
-0.13449290838378478,-0.10999192448537502,-0.08824460132006892,-0.030284506666629036
-0.19844747064950896,-0.17369838500051557,-0.1516160553069401,-0.09235433214135559
-0.0705885752586521,-0.045433892018747084,-0.023114647024569692,0.03566103517459252
-0.188026305601535,-0.16364633988716845,-0.14159753897725003,-0.08253659211225939
-0.20450437107001793,-0.18111620190878994,-0.16038604193618997,-0.10375179576719745
-0.11491030201524563,-0.08942551211206051,-0.06708014223701098,-0.0076094481053685615
-0.14695174210189796,-0.12207895534318862,-0.10020806180616522,-0.04140399119119711
-0.23319352237223046,-0.21074309473381694,-0.19008386409840825,-0.13401482349837252
-0.12413543447416601,-0.10011403403064688,-0.07882431046383893,-0.020991179662879337
-0.1712284088359182,-0.1456468285635215,-0.12373069800448619,-0.0645860612339173
-0.04001504106928003,-0.016725515292177882,0.004616193718412594,0.06242528044750257
-0.11937576261603405,-0.09463982680804166,-0.07308271779439932,-0.016397251111081503
-0.233082934801057,-0.21241483016394536,-0.193486885682086,-0.14116923967518893
-0.21324629390306177,-0.18960782194522774,-0.16835803945147731,-0.1112322212799478
-0.1919929856428263,-0.17191029938961594,-0.15339375122492055,-0.10247332595391899
-0.17130227996990507,-0.14531946235198812,-0.12220046977682514,-0.06205362133789202
-0.15014676388512288,-0.12775958478470642,-0.10778177926746219,-0.053541217969748284
-0.1133794056936271,-0.0911983121830005,-0.0711534376497956,-0.015669425788389223
-0.16011027795499005,-0.13538218853375436,-0.11363231129910514,-0.05581271274247737
-0.03552626397460394,-0.011189466603326875,0.010397462991642724,0.06667248300633978
-0.14828405058566776,-0.125524114601114,-0.10464602374643096,-0.04705571089492161
-0.1668149686915891,-0.14278963276729653,-0.1213290575274616,-0.06388878688221514
-0.19078159105401668,-0.16741538276604986,-0.14650321439938507,-0.08974815986304298
-0.08616928698771704,-0.0633528123259004,-0.04295589702191709,0.011425277844515585
-0.11265266925288955,-0.08879505573803542,-0.06758136006247827,-0.012200928021884392
-0.17787708670147973,-0.15370387348907563,-0.13142866060132682,-0.07132172501338603
-0.20135372041001068,-0.17854988467051955,-0.1585199573677744,-0.10418015555491413
-0.09258769274428244,-0.06544327631060301,-0.042065113158144166,0.017874765146464335
-0.10833550058731485,-0.08592945633946072,-0.06592083421779991,-0.011778784293738104
-0.1433173271331132,-0.11895794651803325,-0.09747952775516058,-0.04062238326680471
-0.06638481322451205,-0.04349634033624505,-0.023207160811611782,0.031018737956449886
-0.05611191836639505,-0.030806010189869264,-0.008571656489462964,0.04882433659121777
-0.12979684394286564,-0.10694741240413089,-0.08622570055997344,-0.030007595663675973
-0.19521502803025204,-0.17102286437802428,-0.14892992833023164,-0.08854779345446756
-0.12116507041862312,-0.09809036995532852,-0.07779800882230449,-0.02318179836159159
-0.10275213067103016,-0.0788019625312768,-0.057855688298511926,-0.0022624251073910485
-0.15119673836202513,-0.1276712827216298,-0.10731007524541392,-0.05164386650706858
-0.22103428880545192,-0.19871866508009425,-0.17833013275606915,-0.12267190873564772
-0.09599353843317696,-0.07074180664997357,-0.04828377476554327,0.012533832554032285
-0.19548513803838682,-0.17177819214734294,-0.15067499915101654,-0.09402602168552832
-0.2333209878080318,-0.2115654450518476,-0.19213034003675994,-0.1382214041287983
-0.21669818293072843,-0.19478243931790984,-0.17454306601134667,-0.11897347431480336
-0.14638156850064005,-0.12180206258187008,-0.09977069181611335,-0.04064845352390597
-0.07358949192066272,-0.04808546862088948,-0.025922686217663547,0.03309812037322382
-0.08638335041027449,-0.06074530819898663,-0.038592045283947475,0.019733706025672215
-0.08867069041965456,-0.0653249746632338,-0.04459012816709992,0.010747410224140868
-0.09846428503475005,-0.07497842296671489,-0.05395430404812517,0.0035838517706423415
-0.06898815154689031,-0.04418080752341385,-0.022227856403468523,0.03674528156254549
-0.11191345862241708,-0.08660297623913088,-0.06376147879061621,-0.003216667376705736
-0.1081390554148126,-0.08447450663118891,-0.06402265056039438,-0.009320455906275567
-0.21581158876689607,-0.19268289949828796,-0.17223037782229028,-0.11644881677400186
-0.08932140467128681,-0.06733841463420916,-0.04818434224338874,0.0037673977970802404
-0.17954400872463386,-0.1570063907854936,-0.1367168663770232,-0.08093783415261081
-0.19028878836877514,-0.16721863289189998,-0.14683875687116496,-0.09172335421029115
-0.08901775768797611,-0.06538871046439067,-0.04487435193452791,0.009514504706275856
-0.12292273746705304,-0.10027419327440784,-0.07935861804123681,-0.02249198259032956
-0.072012696487314,-0.04761915161521367,-0.027109358015117914,0.025312632584960977
-0.1741816823311797,-0.1508654381184242,-0.12945875494333745,-0.070994012317247
-0.1515341758939131,-0.12873174792225417,-0.10787717111448154,-0.050834619530024716
-0.06262592911665898,-0.03963926728078402,-0.019733089611605206,0.03314680074788797
-0.17847444193591946,-0.1553840022688574,-0.13492025180779638,-0.0801599470538402
-0.09597166329763537,-0.07279418892129937,-0.051655487003964676,0.005559507884500661
-0.1918804513122913,-0.1706577272016478,-0.15091773422323235,-0.09606551928950377
-0.12713250729217349,-0.10404679443358132,-0.08401819346918031,-0.031047761163240033
-0.20046561771499521,-0.17600204942127015,-0.15366976334094676,-0.09355032159377376
-0.1414993153778547,-0.11598904602051384,-0.09331380831974338,-0.03342536041283317
-0.07853179257318695,-0.05430063543950911,-0.03347120250965074,0.0206300223308093
-0.10834014894744563,-0.08333212366339644,-0.06133530029429672,-0.004054742812103477
-0.11511725314420644,-0.09252034316947136,-0.07257431178719469,-0.019148775864131714
-0.16128909793693988,-0.13794011538487125,-0.11691961338340161,-0.05957766109841887
-0.18445459299452366,-0.1626938823728989,-0.14265740995397663,-0.08763933529073595
-0.22502914895140008,-0.20224400468800172,-0.18118687558217195,-0.12277727556084896
-0.004818051922290833,0.01776333588799706,0.035369251990060316,0.09195411604243563
-0.10745805661583065,-0.08451372767621174,-0.06393502861404277,-0.009350220313879727
-0.04937178992119756,-0.02541217526460897,-0.004166175569224727,0.05155518366494477
-0.07535868847807353,-0.05140128158405335,-0.030359456227625918,0.026670543067096073
-0.18096746751718992,-0.15681270250667947,-0.13554653969060135,-0.07850645283913905
-0.07883420332232656,-0.057179259878236265,-0.03756599943783185,0.016194316470224405
-0.13525402895115274,-0.11317231504031834,-0.09294952937613957,-0.037704658550614056
-0.1574064046522179,-0.13356920867504668,-0.11256919203034532,-0.05527494321307643
-0.24267447291510721,-0.22051235101449687,-0.20059825829057065,-0.1454301492438503
-0.14942576356951207,-0.12525255794411777,-0.10368862234653572,-0.04760066123531921
-0.178125496115674,-0.15455027204766902,-0.13344664745942206,-0.07583717032352764
-0.22426020535527003,-0.2031485583973312,-0.1838247858837431,-0.13076619187083013
-0.15479795097802165,-0.13212140471103362,-0.11124455305904798,-0.0537100308120898
-0.09853114617635952,-0.07654560112465196,-0.056583316722179325,-0.0014746852997243852
-0.2211061744934753,-0.19821959695707347,-0.17775654854313705,-0.12283399972791492
-0.1274466663617535,-0.10239920461876428,-0.08110943314232452,-0.024057439988204112
-0.15819385534860672,-0.13676082535059686,-0.1176528674718638,-0.06571579087691536
-0.11650877080651614,-0.09285753242090028,-0.07152745292558456,-0.014710449231498255
-0.1235715677440701,-0.10052691631418453,-0.07993764412052731,-0.024358418230251495
-0.15529910116614798,-0.13036156986835576,-0.1080504651577281,-0.04850033338317357
-0.15302339175995855,-0.12871677411177543,-0.10747802936026497,-0.04994259910455793
-0.17473778957802338,-0.15054928804732706,-0.12971855480732028,-0.07546396075637171
-0.172025585695804,-0.14821110691597789,-0.1273743036470204,-0.07059407076611782
-0.1278394285755868,-0.10517535850731866,-0.08462055658946804,-0.02890890853861534
-0.19848397482782984,-0.17587877676268043,-0.15563498942960888,-0.1013259599688866
-0.1897859271136055,-0.16676470501396085,-0.14562858188754607,-0.0865294980302037
-0.0642589378967318,-0.04019805927303583,-0.019078654334393267,0.035655987567508554
-0.11976596356395926,-0.09519791088831976,-0.07345719723880331,-0.015124431749182536
-0.15576601463893675,-0.13207491836229632,-0.11129977092524292,-0.056078576772057825
-0.17277690014647676,-0.14972947005679405,-0.12873841204810502,-0.07090096111031301
-0.11048260147032123,-0.08454091987094137,-0.061173616072407073,-0.0001231599685068327
-0.11361060084835721,-0.08925824838096348,-0.06806065363091159,-0.012565411404792061
-0.1403166340416997,-0.11739217386926325,-0.09674569373231051,-0.04091698469422236
-0.0891234423043755,-0.0666720828995243,-0.04692911156748631,0.006369985537600879
-0.1745868556846531,-0.15029360732592167,-0.1282687590142667,-0.06795243544394834
-0.13832346031178408,-0.11668009249904106,-0.097045395092354,-0.043282624792313255
-0.08790825733927873,-0.06654676167748087,-0.047075337692867196,0.004943423606344519
-0.09578421301603697,-0.071777346705404,-0.05115939461379251,0.00431094889838472
-0.11814458823986633,-0.09541905938530887,-0.07586474792490566,-0.023531071228855664
-0.09680892532655819,-0.07430804125310739,-0.05370302342579471,0.0009284716903345966
-0.17066515075109603,-0.14865155182420217,-0.12888285278315342,-0.07583840242006305
-0.1072029897310975,-0.0817455830823972,-0.059826136710474764,-0.0031842464969359914
-0.06762431837381877,-0.04127728226246719,-0.01852542719418808,0.040391915448919555
-0.18145252630672848,-0.15989339619390225,-0.13999537767203352,-0.08571254340539043
-0.13086087572478736,-0.10722781135084052,-0.08555575858456899,-0.027344378391053536
-0.1111529600313196,-0.08635156071751218,-0.06435317996016969,-0.004287845013711551
-0.12076880064382493,-0.09479145474215037,-0.07202130707682167,-0.011251372195740406
-0.19439660717962517,-0.1727383784248674,-0.15382609572725092,-0.10224586600926266
-0.17351172989214725,-0.14926593703338506,-0.12787029834787933,-0.07109487233794518
-0.16636243340652318,-0.1430901668951505,-0.1234028911327295,-0.06688668677787563
-0.17208249539861814,-0.1485971825895547,-0.12725630134003119,-0.06924003232116152
-0.09821537669212432,-0.07262270457401088,-0.0504942874664832,0.0068924052540334565
-0.24359107338267338,-0.22133813209559713,-0.20133498181820284,-0.14643427497063394
-0.14293791414275392,-0.1188574660400472,-0.09754662472831993,-0.03953988407126482
-0.21169888085561347,-0.187406261709204,-0.1659702264798161,-0.10886540873605938
-0.1276464310569597,-0.10306902332767195,-0.0809074219935393,-0.021645789824006202
-0.13359839950527916,-0.10974846626626651,-0.08889592095465221,-0.03329653976709947
-0.08368644844446159,-0.060935962404994125,-0.0400891487244626,0.016757183073302734
-0.06961806260806361,-0.04671296498929392,-0.026693991603326174,0.02636242688780416
-0.26196211862682584,-0.23957972321194443,-0.21941908558192158,-0.1644232033547724
-0.10337501861669307,-0.07932638052988113,-0.05909368317395455,-0.0052606085246806175
-0.09221275615612917,-0.06747556645583604,-0.045205032558562036,0.014405827618136165
-0.17347744013378602,-0.15016792974770124,-0.1294772490713141,-0.07323219018110992
-0.16371429897796846,-0.13980991541753104,-0.11861216393483509,-0.06272861978504121
-0.07433204782259335,-0.04956602577949726,-0.02746870573414846,0.03132453234509306
-0.29169590985432897,-0.26876202946320393,-0.24804585086005948,-0.19122110866196285
-0.19711969133369792,-0.17564886656553053,-0.15595254559754881,-0.10153532266620899
-0.09994201589926094,-0.07874500107911302,-0.05924735256066887,-0.005433061610035573
-0.22086423211332792,-0.19870287452499988,-0.17896584108210847,-0.12485320886268907
-0.21101096989944548,-0.1864523559408133,-0.16451528880907273,-0.10581244756204707
-0.20119561180208373,-0.1785011900724072,-0.1583927716965274,-0.104200556124663
-0.10197862861664042,-0.07917724097171165,-0.058524433476136326,-0.002278892433539804
-0.11582863168363979,-0.0920790454305322,-0.07072952875599377,-0.013940459393125564
-0.25727561216453915,-0.23513336099587404,-0.21478326326720854,-0.15923674611473373
-0.171410816441469,-0.14777653785686232,-0.1265523056411552,-0.06923280210537042
-0.12472616243726924,-0.10114507763487611,-0.08015259375527206,-0.023512637395196562
-0.0935756741479783,-0.0693576091323984,-0.04781630118492008,0.009997533984682708
-0.16572244154421445,-0.1424554984961925,-0.12219336886779547,-0.06796398986498955
-0.1832049765228429,-0.15914452777117277,-0.1378619717550114,-0.0799097442286495
-0.1474230954854834,-0.12435327057860057,-0.10403693581459532,-0.049800943782572334
-0.20494103540270026,-0.1825892626268157,-0.1623491561919908,-0.10787231944628164
-0.1665501113278147,-0.14414656553339047,-0.12360075742168596,-0.06739983480903096
-0.02795130814883105,-0.006011739435896072,0.013384464357501973,0.06658219678126324
-0.12081085939576665,-0.09737969354946654,-0.0765872567431926,-0.0210452278823878
-0.16082913065718196,-0.13791048768807151,-0.11713070887210246,-0.06087509521220955
-0.10662478844160435,-0.08206800703585364,-0.06128017880831371,-0.004722721838323559
-0.11794416014611048,-0.09413304831491247,-0.07292850445983819,-0.014990377214519854
-0.11313891811799681,-0.08864268414567288,-0.0677732272446384,-0.012034624292554965
-0.22331355644452908,-0.19992224358974311,-0.17854960094986352,-0.12016796288689749
-0.1588022025009206,-0.13690565803125623,-0.11701498349818346,-0.06302439923018396
-0.16364834216170793,-0.13888234455540638,-0.11720733427333757,-0.05903689039297765
-0.11856998760768293,-0.09438045778605421,-0.07300710889391519,-0.016260935929285264
-0.23883739681817867,-0.2158877844616698,-0.19516676016219836,-0.13985304324031642
-0.14576949856863355,-0.1226505836843614,-0.10161610955864239,-0.04384148634914241
-0.10399016986666326,-0.08002111092563963,-0.05871168225302322,-0.003514858602217428
-0.1359537145620398,-0.1126556695648738,-0.09221357496758646,-0.03666895064524852
-0.15435169687639738,-0.13039757365039867,-0.10901444704269289,-0.0514152832587593
-0.15552354022067713,-0.1319568118695271,-0.11111325818847188,-0.056430512384542886
-0.1437018313513448,-0.1219352188221882,-0.10284173980166432,-0.05082532164730691
-0.18495094332511355,-0.16127466696928036,-0.13995492194533207,-0.0835085773798052
-0.16362866225472486,-0.14022727099842883,-0.11893067044848595,-0.060892763594775995
-0.15754730667070027,-0.13490001723013476,-0.11448037323124444,-0.05959406395051739
-0.128480065593856,-0.105950610178716,-0.08609262022092853,-0.03395535678271087
-0.11228260636932058,-0.08704791065144912,-0.06500168565242066,-0.006102206973579753
-0.18762721388823442,-0.16605962933161464,-0.14655203589660398,-0.09319629379371451
-0.010839395921611995,0.012734565462570457,0.033403849588125124,0.088061403255242
-0.0918443584142011,-0.06906921530335954,-0.04825876082047165,0.007564792357312242
-0.12588710156001187,-0.10269561812014538,-0.08202923980600908,-0.026914132258329435
-0.08298894635877412,-0.05918257533020168,-0.03737538559686877,0.019892141881264192
-0.15196285523654496,-0.1294358142039654,-0.10938084058752615,-0.05519410313215979
-0.09762953089062855,-0.07264657733120788,-0.05048663390937458,0.008545827572500143
-0.20958904836468234,-0.1864925969148686,-0.16494272036941143,-0.10542786298295681
-0.10019206993307064,-0.07742939279484182,-0.05680127615344354,-0.0024542327118637756
-0.1173950306802086,-0.09295047417715936,-0.0706077141543983,-0.010095144103746822
-0.17073116483234957,-0.14680398533942618,-0.12539405851583718,-0.06833226432125164
-0.08335597927741581,-0.061833555763141444,-0.04269554386532625,0.010083169665750907
-0.12846819341488597,-0.10453881688981811,-0.08358959967127394,-0.0282853810344752
-0.18944109898582195,-0.16706545779155188,-0.14670119256851308,-0.09075372274310561
-0.1655975462353183,-0.142614032485284,-0.1217404521646559,-0.0642500355924751
-0.13242284270851495,-0.11069504076324808,-0.09104451316525053,-0.03802656172101523
-0.13947849559170977,-0.1156403519355668,-0.09429317098461899,-0.036757716632736165
-0.13211005272290474,-0.10812648969980702,-0.08641907924952874,-0.02873382123329522
-0.14445696347144538,-0.12215557524355303,-0.10204667064503893,-0.046973819266630315
-0.1420029948699507,-0.1180986498154003,-0.09617016044820477,-0.037403975392036964
-0.1216126881785899,-0.09883321291961057,-0.07807053434852097,-0.021081365452053857
-0.13171561652219757,-0.10862326305120594,-0.08793318252197349,-0.03154206865079754
-0.112374587217677,-0.08927996646397178,-0.06862637256958123,-0.013330517705208437
-0.14646700524625972,-0.12294374308496582,-0.1019791491245618,-0.044902348880983274
-0.15809684357603274,-0.13428106474915977,-0.11386974160140657,-0.05903039747453878
-0.0988849539198223,-0.07307986404054838,-0.05060593417643392,0.008735569652198596
-0.1683158614486619,-0.14380044504690997,-0.12226679975845942,-0.06318329068673083
-0.17703775421854995,-0.15325807643502595,-0.13245592463181466,-0.07666986928147043
-0.2022423515580432,-0.17837681059089766,-0.15722929973478877,-0.10097162617151009
-0.1407959694075792,-0.11714370542033195,-0.09576772911655626,-0.03882142600807173
-0.16258209937007276,-0.1385294369559782,-0.1167040578742809,-0.05831267149212072
-0.13587345976116533,-0.11177220214749026,-0.09070670380291705,-0.034142806691246315
-0.16448789301937952,-0.14019114031664978,-0.1181314275351982,-0.059616428840761494
-0.028158395407467528,-0.004670032247170911,0.015206073319111453,0.06761863467389714
-0.17742099210643072,-0.15436511884348264,-0.13347045216556694,-0.07627677418038642
-0.12015577609077657,-0.09438399060634005,-0.07152034616267207,-0.012044210476601218
-0.11557919315699036,-0.09157457443758377,-0.07002467948580288,-0.011794583989609855
-0.11662605825186297,-0.0926270034433006,-0.07118691983554798,-0.013720600418189937
-0.07513682304766853,-0.05103164734177577,-0.029431043566228443,0.028537756168032603
-0.1813824164561063,-0.159086998513382,-0.1386528180394629,-0.08247972225590346
-0.1110404766183161,-0.08641630068869303,-0.06446371102753723,-0.00473049364490194
-0.10961999570854397,-0.08607213424993118,-0.06510334225306388,-0.008485791268800441
-0.11040281487094013,-0.08644865925405315,-0.06548294351303773,-0.008879283885394523
-0.17319592786009172,-0.14971156957819354,-0.1285462220338106,-0.07200989840683723
-0.15755339625702064,-0.13481938139197205,-0.11416588417723308,-0.0577068172550864
-0.17897742566228464,-0.15403578761022754,-0.1311382876172001,-0.06982347444004355
-0.09651174568683663,-0.07388042730189859,-0.05380693597117549,0.0005014616368479482
-0.2090601082745004,-0.18628090839076933,-0.1660681407726405,-0.11147215612773705
-0.10887930922044271,-0.0861322927708742,-0.06574117501173814,-0.00987858729399638
-0.08127804887344904,-0.05893229762950201,-0.039646200495861574,0.011897011232495385
-0.09489361834162134,-0.07125815801698333,-0.05043052277421279,0.005977940038654304
-0.08461008857336337,-0.06087048258796191,-0.039921769286748836,0.014714672189336066
-0.1483617469021951,-0.12756199234336366,-0.10899817107294212,-0.058524392564700586
-0.10328923736414784,-0.07962994932791283,-0.05873444311069712,-0.0024436111383905066
-0.17647951646703672,-0.1526861147433145,-0.13092789407166805,-0.0718204810913979
-0.12722312252448353,-0.10333662219362985,-0.0826447031366581,-0.026928392955220686
-0.0872380202706689,-0.06436236351250689,-0.043604306983493546,0.012884273261077078
-0.10524359695406736,-0.08260273085563125,-0.06224431676486017,-0.006511975464622499
-0.1487451103265318,-0.12497757536021716,-0.10347306578346732,-0.04539714908582931
-0.10929490808099342,-0.08606198393255633,-0.06564736288247565,-0.01045858516121325
-0.1679844814247845,-0.1449630930995928,-0.1239113214308308,-0.06589980985278597
-0.16788342960876282,-0.14716690059398013,-0.12815963001012126,-0.07616042590680565
-0.1999337786416285,-0.17666662962562305,-0.1559177891983284,-0.10009371658453675
-0.09470659585806633,-0.07235495088381375,-0.051965054159216775,0.0028301566318673266
-0.11756169597031497,-0.0943839207508288,-0.07375869793563933,-0.01827662373900569
-0.07870288484859703,-0.055231521600666356,-0.03450604262992042,0.021135879925866453
-0.12917609322253124,-0.1055982659874559,-0.08535036875911071,-0.031048894030238933
-0.1874024426149024,-0.1651737017069579,-0.14530972376164777,-0.09126095047341427
-0.10522385570293613,-0.08104334332968827,-0.06036343132945952,-0.005034503277575103
-0.10838408406521426,-0.08466998966598732,-0.06373261571474723,-0.00850895163608008
-0.10398706452400085,-0.0795183443143817,-0.05793565867583788,-0.0007220069081754105
-0.15029195668819298,-0.1268591146154007,-0.10568640475636261,-0.0475808919438885
-0.08761818172263638,-0.06342637119223939,-0.04169825951028855,0.017085734881128994
-0.1950596385094266,-0.17229392697894694,-0.15193593628605245,-0.09721751375680437
-0.21223719043670905,-0.18997610170392554,-0.17008017976388698,-0.11615923205644156
-0.08057322987099402,-0.05843476553183842,-0.03866770873998644,0.014905721445584847
-0.1852112928644603,-0.15956841322475407,-0.13632721085521798,-0.07339403672066039
-0.10276280038891829,-0.07953625114902486,-0.05824153129291805,-0.0006021313262588875
-0.06741038453226826,-0.04242032095891367,-0.020151756007596288,0.039388722224047996
-0.1607873984263211,-0.1387015857525126,-0.11889719718945488,-0.06497036303700793
-0.08516647489581688,-0.06219569426373312,-0.041365517462515426,0.015246424755850899
-0.21028024068875195,-0.1878694343033514,-0.16769659772004,-0.11262325399618923
-0.12959756548754173,-0.10485491231237105,-0.08301523535122052,-0.025835833549915553
-0.14791017426286088,-0.12549642841280198,-0.10500490659114389,-0.05022958704734866
-0.13721636387975364,-0.11335867346275683,-0.09178627848314003,-0.032594256634313104
-0.15804298567039915,-0.13546332638474812,-0.11473398589612128,-0.057275444013465966
-0.234585206974757,-0.21079049103235833,-0.18962770291646994,-0.1313776142822633
-0.10782092995575193,-0.08390335886523352,-0.06270336043035343,-0.006052222441723556
-0.11633265047448395,-0.09165828802170463,-0.06983482729208748,-0.011060257155736388
-0.12212566227105573,-0.09839739426537392,-0.07724040155935047,-0.020686812861676753
-0.11141366913145934,-0.09030158312528366,-0.07093831182134519,-0.018166863107217924
-0.15756271796392166,-0.13355956797516924,-0.11161017762600531,-0.05171138154913822
-0.17689201543510097,-0.15625151044610608,-0.13734555541430965,-0.08499026704826439
-0.1726658717085963,-0.14941135604904857,-0.12873106484948627,-0.07330290774285188
-0.14470135203560755,-0.12129275830694723,-0.10106948394515282,-0.04604943325312778
-0.17601374762404265,-0.15187947293012652,-0.13018372387421218,-0.07198706897275943
-0.1302255011749806,-0.1075561387833347,-0.08719391417682949,-0.03218699498203843
-0.15909528800299202,-0.13732406554352067,-0.11767535728300399,-0.06405778861918282
-0.16452041133192175,-0.1417878987887789,-0.12121655356243137,-0.06538034525026255
-0.22691096124469406,-0.20311774928004236,-0.18203745404327035,-0.12611680398939315
-0.14245844666019855,-0.11887526526513863,-0.09738375410512186,-0.038395985767317786
-0.10515695034081622,-0.08311169110680486,-0.06375518669309824,-0.01172498496705021
-0.054537640358642794,-0.0295335563819802,-0.007414415439015839,0.0502643194513442
-0.12145830510404779,-0.09792260291115537,-0.0775359454948184,-0.022628536559987773
-0.24298327205607226,-0.21976114276162703,-0.19867852555612311,-0.14138050566977295
-0.1487834116627592,-0.12521684705367453,-0.1033460254504001,-0.04438795819049574
-0.16417392423187574,-0.13938253234124703,-0.11770275668463095,-0.059303203477029096
-0.11161011487860154,-0.08559007603786414,-0.06336826127574118,-0.0042095729826241235
-0.19681795003623745,-0.1730402833852762,-0.15198176940904962,-0.09603488224555433
-0.09588925345517721,-0.07028552623182929,-0.04724911899424342,0.012382432352548933
-0.17809700688949087,-0.1532711156228557,-0.13127775400531544,-0.07354089079204569
-0.14588128870298958,-0.12280754354277335,-0.10229955312577378,-0.04775084862876709
-0.13917178574146946,-0.11594589868239334,-0.0950617609082158,-0.03900276857388949
-0.12610475109182043,-0.10209384398293729,-0.08050803960622116,-0.02274622803795103
-0.1105792899461102,-0.08845837883904965,-0.06933813229424268,-0.018925763620233193
-0.18778976621848062,-0.1637585274514417,-0.1422320535334062,-0.08401456527352505
-0.13685734000528846,-0.11332349351268131,-0.09196721193818296,-0.03300572377388616
-0.15022790127654764,-0.12621121640935265,-0.10462901855098912,-0.04609943293144582
-0.15712428981600443,-0.1326973316484506,-0.11166339480273096,-0.05506764914898924
-0.13070265579907414,-0.10804668090134764,-0.08755985245936328,-0.03195321690024409
-0.16599009661453182,-0.14377590899934678,-0.12348810681146342,-0.0683611597477616
-0.12325747423554897,-0.10131654547828789,-0.08113597210086212,-0.02688841290724642
-0.0658593839111895,-0.043394773866567385,-0.02453904913318984,0.025328999534167087
-0.11474206758662664,-0.09146150039244368,-0.07082713794555658,-0.014579832892565439
-0.1833645619168747,-0.16001936184421786,-0.13875908480297286,-0.08186597066383895
-0.16506351136054426,-0.1418278594549489,-0.12069280069933205,-0.06322480931723233
-0.15405331496459804,-0.13223536682751702,-0.11293852237063257,-0.059811609935994645
-0.18872230636069898,-0.1651621600190126,-0.14409375442008612,-0.08717071765413151
-0.1518579691765081,-0.1272450583362903,-0.10560197150434855,-0.047167316328815
-0.12792365706542055,-0.10347155487446225,-0.08216671971856689,-0.02511765895456705
-0.0695727065575892,-0.0452990013918604,-0.024180428745508745,0.03078897096028204
-0.09695433360752068,-0.07341870199964669,-0.052575041366463474,0.002803758396866187
-0.1937737487894282,-0.1724288847705038,-0.15297021455586546,-0.0991680414365364
-0.14641759935143642,-0.12472320288951143,-0.10510577171250864,-0.05073860341915948
-0.1323854565172596,-0.10991122491896119,-0.08913588587110995,-0.03325881191567847
-0.1048850771718098,-0.08280562105884165,-0.06232988582092394,-0.005321597238020108
-0.14331375586432527,-0.11959147054480818,-0.09832178261367641,-0.041616498727421326
-0.1456622766347545,-0.12113152186429071,-0.09941605250861113,-0.04197193020249311
-0.18827566510404464,-0.1666124348119439,-0.146968305121449,-0.09268041819310033
-0.06058693740461001,-0.035287387787372525,-0.013889807485031118,0.042276827909047694
-0.16731234447850904,-0.14289521951134113,-0.12095100662093039,-0.06266238773639751
-0.1431697398111867,-0.11950701736698383,-0.09823515647434779,-0.039746055445916355
-0.11338699491657747,-0.09154552268427621,-0.07184617039592153,-0.018492347312267596
-0.1256607503287363,-0.10138247255650022,-0.0797676676884988,-0.022888962510273284
-0.13214683692337836,-0.11041441318050582,-0.09063486249588162,-0.036416061316390025
-0.11856028727046929,-0.09620806309516196,-0.0760938870927768,-0.021896202152886346
-0.10789956569498955,-0.0828238276395417,-0.06052754217715992,-0.0019012710511354287
-0.1817827366938471,-0.15687076008861578,-0.1342950918612139,-0.07417350839456782
-0.06972529697466619,-0.04627248650621277,-0.02576504548896672,0.02893012885243977
-0.20040789458309408,-0.17720774263988084,-0.15657216298848448,-0.10036737587809785
-0.08501309587153916,-0.06029535241777724,-0.03837706319678669,0.02012925496750396
-0.13010802575571198,-0.10715291573976342,-0.08656886726832132,-0.03177323969176209
-0.17647969148009718,-0.15445973194661794,-0.1347949658892727,-0.08131333699548544
-0.14439517488094422,-0.11995256246051955,-0.09933221544785774,-0.04447038732331295
-0.028200104949263425,-0.005753033484683794,0.01447016170800474,0.06800344239588589
-0.1607678184903976,-0.13644424559338364,-0.11484525375726105,-0.05642230270061416
-0.1563118977596949,-0.13388458116006052,-0.1129954776369606,-0.05553446010231137
-0.1578659915070885,-0.13558017817637524,-0.11577044236849622,-0.06218275695540382
-0.1804849452906379,-0.15790554150665748,-0.13750670522224706,-0.08330225355897997
-0.18040078616520405,-0.15784133773684386,-0.13850012323937144,-0.08604162760627568
-0.15267414240790161,-0.12868023133183973,-0.10780791063910536,-0.052696872628475167
-0.1826931221435128,-0.15989012418103743,-0.13989191000287005,-0.08545734902263852
-0.16002489206166298,-0.13733098988665268,-0.11660312922833663,-0.060454589092263984
-0.17310981111108054,-0.14754270333150507,-0.12548252617320635,-0.06776738739228044
-0.05512559846469382,-0.03221599371518958,-0.012817846433944537,0.03935929551249997
-0.15680068712780054,-0.13340914547741423,-0.11186602099730841,-0.0540948152983843
-0.09497581191698509,-0.0727534293136948,-0.05292218140983806,0.00043658039783538025
-0.14966812927953801,-0.12609966042297002,-0.10454266223717093,-0.04673677300429889
-0.18158310367932656,-0.15847417876213343,-0.13788059503690242,-0.08237889145329245
-0.1773105597417674,-0.15378525358877151,-0.1328443855229137,-0.07604549619462048
-0.10414002255846794,-0.07956822803547865,-0.05833152239472242,-0.0030580395215692034
-0.17736223939757234,-0.1548965121874265,-0.13464381607137965,-0.08001988757688727
-0.20931969990812938,-0.18699213928457373,-0.16669122104485293,-0.11099767546523012
-0.10522725478378231,-0.08375879685427945,-0.0637396779858976,-0.0090217074243459
-0.15319140449748583,-0.13006754586718025,-0.10929425306136455,-0.052932003565462016
-0.11163532288495212,-0.09070333231123066,-0.0714748326017125,-0.017710746715931147
-0.151808301909944,-0.1279178614718315,-0.10623334967205145,-0.0489374531473147
-0.10547195503669786,-0.08216813719616593,-0.06165357195147989,-0.006797034931418774
-0.19474898537510002,-0.1713567106472629,-0.1502106520478101,-0.09369256726985636
-0.12249308388695399,-0.09651194043013134,-0.07346368912810032,-0.010803700771402212
-0.14021416322406138,-0.11654982061129816,-0.09490076624344118,-0.037631050407819944
-0.16591932186326577,-0.14292509548594284,-0.12248012558665825,-0.06550412400756615
-0.1185021499724111,-0.09480940373978537,-0.07380325306491127,-0.018285512465411383
-0.1018237392170739,-0.07750800589932416,-0.0559015213691926,0.002512084064427242
-0.11003509729300966,-0.08706741662399657,-0.06607876001798367,-0.009741163698837794
-0.1455900913559337,-0.120852862488478,-0.09820322394867101,-0.038415192651322025
-0.12193077227270732,-0.09830516587626265,-0.07702157717492775,-0.01808779236602928
-0.11103447548223258,-0.08697078449304481,-0.06639948005805454,-0.013035781573621818
-0.1266537235571303,-0.10216379676414804,-0.07991886714142617,-0.01961892036988619
-0.15631955416743154,-0.1320365419827714,-0.11131887304209592,-0.05501762902454115
-0.17752787932611283,-0.1530568032481796,-0.13133267398285087,-0.07323765004500123
-0.23921245766286195,-0.21619115338651868,-0.195723452752311,-0.13951617224833618
-0.20726338410678452,-0.18455994418430718,-0.1634214213310801,-0.1062156207775696
-0.10871631951761095,-0.08663295448293842,-0.06648426281902563,-0.011582936641506001
-0.13944434697182642,-0.11535753370192105,-0.09448362089375364,-0.040048444201819626
-0.13442725473570136,-0.11095577179254765,-0.0900326159566312,-0.033510195189212146
-0.11316195540101183,-0.08884205883344998,-0.06780744044807024,-0.011343707868527403
-0.20228923615484554,-0.18001656612911254,-0.159859732287942,-0.10548361077927265
-0.16610702389369222,-0.1412009352205973,-0.11950990439462526,-0.061751964245960675
-0.20074770589335994,-0.17670085528368704,-0.1553269887077881,-0.09891645071081398
-0.18321819531354364,-0.1586569297508929,-0.13659377474076592,-0.07621862569425793
-0.11578194520308088,-0.09215886003323244,-0.07076049368704021,-0.01323802016127113
-0.12694685166966097,-0.1012476094330175,-0.0783709821387602,-0.018282522084176186
-0.11632261899455738,-0.09231719973667103,-0.07080432017746809,-0.013760173965511052
-0.07617490641216969,-0.05304883565532143,-0.032390806504560755,0.023507739336774868
-0.11788521346515113,-0.09220248962154642,-0.06966722055479167,-0.010896986732510114
-0.1808161741184358,-0.15749124577361934,-0.1368767306597822,-0.08083290081671599
-0.15116291484963623,-0.12876150968657984,-0.10923699592227012,-0.05625517759446369
-0.17293854531401215,-0.1491443934933742,-0.1275193559483028,-0.06807199294850906
-0.2317408193620908,-0.20844332087304457,-0.18733951620247957,-0.13062545728620453
-0.13096256893716135,-0.10563056395693926,-0.08297103539289731,-0.02309411540541079
-0.2023464703688465,-0.18018561523370877,-0.16002236179531823,-0.10548950402562161
-0.09872365377404413,-0.07426522426317902,-0.05246796700581961,0.006428218368167228
-0.08401084799697424,-0.05794110149254051,-0.035607412922602354,0.023561586772960087
-0.18294062582169862,-0.1596442872855328,-0.1382675137166521,-0.0788143012718882
-0.1252248131210915,-0.10245484402679302,-0.08178531387853201,-0.025534489393063416
-0.11803584986003862,-0.09363862794805602,-0.07293219762763192,-0.017300343861912364
-0.09970941995268663,-0.07444936658245742,-0.051758441616592384,0.007217705063731266
-0.16577720200013094,-0.14100646954529106,-0.11848744718826072,-0.057525778111870915
-0.187087797192651,-0.1644472565328111,-0.1439483308137031,-0.08808460652838847
-0.16841950101621492,-0.14546652933227852,-0.12471300015788062,-0.06835121420295776
-0.20560889928066775,-0.18211208439033014,-0.16095700710322491,-0.10401373938540522
-0.11831822890319853,-0.0932015776795597,-0.07090323437970537,-0.011370383448201049
-0.20186853497175725,-0.1771102727478739,-0.15466948167533792,-0.0933650261688312
-0.17891006039348,-0.15409576559594135,-0.1322512043469014,-0.07446792185253327
-0.171414393980937,-0.1482639898175936,-0.12793233052217431,-0.07204056952382565
-0.1545115745633547,-0.1326882893562382,-0.11309228378703783,-0.059427294593048026
-0.13270744180891458,-0.10950932802705164,-0.0884870314524879,-0.03058783360969169
-0.13340027511068522,-0.11265058582964382,-0.09388248036060584,-0.04291231943793168
-0.15885461358991654,-0.13435823942664946,-0.11298130329669813,-0.056283387175820446
-0.15160201635999868,-0.12894108848710736,-0.10827650110495367,-0.05171077868793639
-0.19354669984354314,-0.16821820041504007,-0.1460336539539846,-0.08502753509965731
-0.09184455011781258,-0.06763808343548368,-0.046029536468491075,0.011664201849136219
-0.15864783283029715,-0.1353874832973621,-0.11432418777851955,-0.05780739353608571
-0.16571539216421144,-0.14191750839268352,-0.12034231879830025,-0.06179618500366105
-0.11275326435270819,-0.08859001360408807,-0.06717079359566827,-0.009349159600799288
-0.12073350709705363,-0.09739959606559052,-0.07581751480731258,-0.016333043245592895
-0.14124750166477357,-0.11840744780874539,-0.09885971183398894,-0.046401478962527574
-0.17126262991856753,-0.14973866081401224,-0.130295069823814,-0.07670040831054949
-0.13547202635395975,-0.11220664372378181,-0.09154541969988074,-0.0350664830332764
-0.21242605344422344,-0.18948611785483577,-0.16912014401798087,-0.11468168824981834
-0.07512666646783539,-0.05206936379254071,-0.031445575246990876,0.024035559390974834
-0.07976847154521716,-0.05281987769926051,-0.02926243313501262,0.03177457574138723
-0.12219740790893446,-0.09700035670847719,-0.07436570397838482,-0.014133461046869886
-0.13997234056335725,-0.11546697664421841,-0.09347043120117565,-0.03463429213675113
-0.1678545573045879,-0.14421994883751468,-0.1231525863668822,-0.06548857514128072
-0.16603948144618533,-0.14429188832192136,-0.1247966933416189,-0.07128210609368024
-0.16181344203294581,-0.13561939500253684,-0.11310295933159892,-0.05457239157898387
-0.1541134974896302,-0.1300441869384113,-0.10787163202517111,-0.04898366809752806
-0.12477468358852192,-0.10127921882633442,-0.08043206643144539,-0.02589234628480387
-0.11129871435599008,-0.08849556357099302,-0.06800972532863417,-0.012911737287326423
-0.1327807597961072,-0.1110769975076481,-0.09178126180541668,-0.03872940962289621
-0.10795708414964472,-0.08466017199502782,-0.06405601407631022,-0.008916004551375931
-0.17329322226367308,-0.14868081571748443,-0.12627235032222744,-0.06554223496843327
-0.19727318930704685,-0.17498050144228972,-0.1547006350375838,-0.0993687410002529
-0.08917024678390194,-0.06391327089883667,-0.041655656599065734,0.017177217693333614
-0.13224903731626533,-0.10890878838072918,-0.08784959232839822,-0.03059640490906174
-0.18099296175868287,-0.15849299527163357,-0.13833945055437652,-0.08373612442172873
-0.12503877494651108,-0.10096678917037898,-0.0797320631252073,-0.023403899093377492
-0.13936845682402998,-0.1152071777659489,-0.09396796195295526,-0.03762752426780383
-0.1001733847480097,-0.07776789338985224,-0.058089854922640086,-0.005186460644772826
-0.17902757249366077,-0.15465472574401246,-0.13304664303668998,-0.07611467439011906
-0.19712093446197526,-0.1733876819925358,-0.15251408198155983,-0.09649491033763952
-0.19767860635784662,-0.17400822088417323,-0.15269647728485186,-0.09450229300656963
-0.1453970212528859,-0.12070884749784473,-0.09889319155567854,-0.04043688460610551
-0.11464852797327532,-0.0902578705887319,-0.06894405778379274,-0.011653614914683199
-0.1837252208662569,-0.16016374209499873,-0.1390987876719249,-0.08211435683815393
-0.0948367954178697,-0.07085870939453069,-0.0496019929638484,0.006680932146871171
-0.18461856634558166,-0.1611536970142651,-0.14042583795498814,-0.08564481294619213
-0.13081255500476324,-0.10765032616920907,-0.08784053958993002,-0.03367759993688457
-0.18192440095535017,-0.15986896698156033,-0.13981559196494053,-0.08522171289682583
-0.19470231665487953,-0.17272189973279553,-0.1528100763600599,-0.09754677713580581
-0.12471951945099984,-0.10191489939819533,-0.08142698999715728,-0.02575005831910429
-0.09092865051110578,-0.06576725252827678,-0.04358270207030066,0.014321887626032209
-0.19284037173383176,-0.1697940919002715,-0.14857364466110098,-0.09082915717294075
-0.11119470434234421,-0.08827157580794745,-0.0672438079414827,-0.011227459267882897
-0.09798687729408158,-0.07273030842558098,-0.051038110740197186,0.006298754599172268
-0.12132162187411018,-0.09778831078767167,-0.0773054634745765,-0.02205111196820857
-0.08248599973307051,-0.061460479251018704,-0.0420635319964278,0.011806073423483525
-0.1439110404696416,-0.1210181799067419,-0.10029965352596562,-0.044388923443638185
-0.05370364955403871,-0.03022462607019141,-0.01036313706431445,0.043404815850842875
-0.0583270015102146,-0.034651303842237705,-0.01426495996260966,0.039868908900722255
-0.0680982426123332,-0.04293506280379908,-0.02183940357016478,0.032513099866741633
-0.1281032996837421,-0.10460081147119556,-0.08374003386782772,-0.027596841046802194
-0.1304503095728151,-0.10799659610843307,-0.08816660591960018,-0.03551213552102292
-0.17726547495441847,-0.15481888435729163,-0.1342748137628693,-0.07782163653081971
-0.15535736581465504,-0.13112097382845952,-0.10921497344308788,-0.05019094842606986
-0.12287416318843307,-0.1006369720201936,-0.08018931842766333,-0.024145722292390214
-0.14476860668448457,-0.12161425207730144,-0.10067732379704063,-0.043782618714588724
-0.20747271755437627,-0.18405917711957892,-0.16326768407049552,-0.10667257245392132
-0.13134269784271013,-0.10725014234638551,-0.08625626585588708,-0.03006495280022195
-0.10302343586879623,-0.07999287733875415,-0.059141565472880984,-0.002835831260841317
-0.16922949504862217,-0.14646685496052814,-0.12617498389698517,-0.07174266166099583
-0.13501002752480323,-0.1125285858881186,-0.09268697711865104,-0.03841274436628485
-0.1376479544035743,-0.11450019528075217,-0.09375665302970836,-0.03697141721596025
-0.04648945530741717,-0.022164485111095058,-0.0006604870062576851,0.05487061372981554
-0.14316985963653303,-0.11992215126743824,-0.09911269940408,-0.04338565034819338
-0.046183679208787964,-0.02441497099111165,-0.005090403661946547,0.04725704513682619
-0.2234809023906213,-0.20114079549184524,-0.18062345074887048,-0.12457095366116404
-0.17236175090616557,-0.14941801809550836,-0.12889649012667098,-0.07335490656166094
-0.1913766139797177,-0.16873955088018208,-0.14819450195384426,-0.09174764725720354
-0.14228439133919416,-0.11800642151319618,-0.09662501571558219,-0.040367711406749614
-0.20814561703255421,-0.18411373414135151,-0.16287672872714162,-0.105859421430008
-0.11009277621472122,-0.0863188218991363,-0.0653967878092609,-0.0096989703141116
-0.20514235808134015,-0.18300861577600547,-0.162925720703278,-0.10858371557158503
-0.11258393360433981,-0.08964348157078418,-0.06927568635081512,-0.01483820822390455
-0.2040203515860923,-0.18308856813811103,-0.16406986256119974,-0.11151250253724841
-0.11139162004995984,-0.08716432056255202,-0.06548801453002392,-0.009404073375140565
-0.17070467877303852,-0.14668880762565759,-0.12562807094172032,-0.068992184271274
-0.2105014720673534,-0.18679229285117774,-0.1652540813966344,-0.10705124622916477
-0.10589588856368165,-0.08201870601980793,-0.060885719928837706,-0.0032303399937809694
-0.21858016903631158,-0.1943210060444602,-0.17256822428372537,-0.1140977175477803
-0.1480184102606083,-0.12585325549485885,-0.10569856505104024,-0.04991767497402683
-0.14655938647532876,-0.12453348404647152,-0.10532985326578279,-0.05317302811813764
-0.13723359832709836,-0.11392813144783877,-0.09346548560057819,-0.038923962737186214
-0.1399517130408587,-0.1174063748651937,-0.09698002172953557,-0.04103216256729056
-0.19970279526658777,-0.17698590545355056,-0.15605617084855627,-0.09940701336056514
-0.07005279830487157,-0.04773864632999357,-0.027676348576224488,0.02634445885195456
-0.06953242067679773,-0.04387532217710553,-0.02281953695511305,0.03413499269731014
-0.1433497914944436,-0.1204526321557412,-0.09970360122740773,-0.04320028424268773
-0.19574309515251104,-0.17176897291386628,-0.15001265843649766,-0.09101036557649667
-0.14802350375595466,-0.12399732589398957,-0.10297780856551171,-0.047039165023791234
-0.2128921582891836,-0.1910524264633,-0.1710225986415805,-0.11531922303095316
-0.15688302364050274,-0.13442930458717292,-0.11395299370019991,-0.05804249083217699
-0.17943518349000914,-0.157636083764393,-0.13711306530528436,-0.0800914819663341
-0.11445741066540227,-0.09134362093014363,-0.07122245688336726,-0.016900378409898734
-0.1746177703207395,-0.15229198666438945,-0.13208948295702375,-0.07757861386742944
-0.16023895203999808,-0.13466485497409672,-0.11209223620624575,-0.051793400311777545
-0.11000402309421531,-0.08381647829657361,-0.060803419463435704,0.0005864756711242682
-0.14352275840104226,-0.11997329719848687,-0.09947477804057936,-0.04589303524342618
-0.15640963805736594,-0.1337825606012121,-0.11308250277640405,-0.05667954867091881
-0.09058535978619059,-0.06678719802033534,-0.04523689767890269,0.012516727756957748
-0.14835325465124935,-0.12439411463409655,-0.10271305762863257,-0.04427843772515175
-0.14139079284956685,-0.11823043126819963,-0.09738834981297767,-0.04109468713595688
-0.11756856570351522,-0.09570065164001662,-0.07574439098319383,-0.02146988984779161
-0.1127504493748565,-0.08898415148995979,-0.06803301828182073,-0.011872587446372585
-0.15643999590309077,-0.13381350461925684,-0.11339543142353178,-0.05722865647309976
-0.1034038487033246,-0.080190215030041,-0.05902389593029508,-0.00208361787072154
-0.17709235347223856,-0.15342052915823468,-0.13208301417379112,-0.07500935262301761
-0.08499608369768759,-0.06231902512326965,-0.0419587075133135,0.012549383223405807
-0.18679860443869536,-0.16480675624018595,-0.14512574236064352,-0.09140272882454506
-0.1460160670404026,-0.12238117483683317,-0.10134794586376443,-0.04371899140622647
-0.11823828465788211,-0.09585337487567512,-0.07584843938644155,-0.02353877628484831
-0.13726272872871417,-0.11338888664794886,-0.0915611436238565,-0.03256309840699489
-0.12104357105173993,-0.0973550511809989,-0.07635076392179424,-0.01874135811158799
-0.12228823971849276,-0.09858441245727376,-0.07781563394806143,-0.022087012976175702
-0.08731628651167232,-0.06093186900916242,-0.037197757132815604,0.02596527717733529
-0.16113616242439857,-0.1361451673283129,-0.11378886916018739,-0.05369210167904137
-0.06894666440831994,-0.046326211097560105,-0.026000068923307362,0.02896035221215171
-0.01839131230633229,0.005723656122765476,0.026795313939216383,0.08321198001562087
-0.22014690918255908,-0.19551273044759265,-0.17372415097516064,-0.11498479557996245
-0.1038134331772958,-0.08070500750419594,-0.06001164248097494,-0.0052923575114428925
-0.09160349836148486,-0.06733790097724142,-0.04672301581649468,0.009174822005375912
-0.14551282070945107,-0.12132546778067065,-0.10022954472134689,-0.04351294217256938
-0.1661850202615162,-0.14395866018348755,-0.12440481713366269,-0.0716671016066349
-0.14079039110977115,-0.11894894638426226,-0.09951009147281996,-0.04586251236180256
-0.21051151469348867,-0.18685004048650472,-0.16536653896293757,-0.10702964918624534
-0.11385990299932258,-0.08960452104089067,-0.06851863493036307,-0.011799732245351219
-0.16578831342556938,-0.14126265207022115,-0.11941392383069936,-0.059495287688396015
-0.08351118715055267,-0.060818400586000444,-0.04022655562761821,0.015572296956304079
-0.0771467469138416,-0.05376460352503014,-0.03296641400029955,0.02275309473336147
-0.18360603569874703,-0.16089306814362409,-0.14088402833402372,-0.0865334761549134
-0.06501814470926866,-0.039623761946694244,-0.01671954452973638,0.04260338027778664
-0.1253908939445887,-0.10196948762776799,-0.08082462054255277,-0.02318675082637514
-0.08290597011484155,-0.058925684516620364,-0.03758464926671737,0.01952667327502401
-0.14129258733715702,-0.1183322063946629,-0.09771097560607366,-0.04216661654912013
-0.11096168692432105,-0.08668141325952478,-0.06446513863367465,-0.005248537519507707
-0.11824787042575007,-0.09439742999925829,-0.07375011051881221,-0.017565037589034944
-0.2305195192827562,-0.2064418928732688,-0.1851583188033788,-0.12767843518456015
-0.2067341919139498,-0.18340133027575423,-0.16221920641195717,-0.10505933322571315
-0.14258838020834966,-0.11693845175533744,-0.09441622651660786,-0.033925769275128845
-0.14641905048741413,-0.12275147093350787,-0.10162695810237016,-0.045677864451437754
-0.13735659745564688,-0.11399286211888632,-0.09275423475407109,-0.03525971826554614
-0.18957413483576407,-0.16448662318317153,-0.14290305270107126,-0.08332873242696068
-0.12439159332464374,-0.10199580257861157,-0.0817176975956351,-0.02648533931282549
-0.024837028983172055,2.8054544868114165e-05,0.021955907810769667,0.07983008720908792
-0.1554553225988359,-0.13101820638939166,-0.10940397879482389,-0.05236675183343386
-0.11486997553253551,-0.09374531434217524,-0.0745287855154502,-0.022131209330389628
-0.1931324087148553,-0.16842974138393932,-0.146855549877926,-0.08913568699356153
-0.06353188805400901,-0.03880062600099776,-0.018921853529799464,0.0331434428734245
-0.13370005927060977,-0.11014621215450307,-0.09001236147385203,-0.03624395320605835
-0.20603756674921572,-0.18409995245021238,-0.16423116326520307,-0.11081767045504823
-0.18453083862972092,-0.16007267135221967,-0.1383967861220459,-0.08159334748086497
-0.1530298332171049,-0.1300386196387278,-0.109919129513449,-0.056534429799573446
-0.13008920865905607,-0.10712255930000206,-0.08611024201226752,-0.028942044761525794
-0.1564773723082904,-0.13268448968762134,-0.11163786131369773,-0.05580992781526128
-0.06444763122939738,-0.04301875509647393,-0.02459827654843819,0.024918311450345645
-0.17876336327387576,-0.1557164326543638,-0.13473430553187957,-0.07819600467557306
-0.1379757650645403,-0.11468241320150027,-0.09361713166906317,-0.036069206042546334
-0.035508072348187286,-0.011857032925463253,0.008803795438657882,0.062413547587443406
-0.08154497666103108,-0.05601991078624161,-0.034393799237437475,0.021884946051383025
-0.20063659401030182,-0.17744791909157337,-0.15698615951603162,-0.10161297708338624
-0.1747994855824657,-0.15098602350995974,-0.13043968686720345,-0.07489723792897932
-0.09746768073361317,-0.07384776522881256,-0.05315884031690697,0.0017325167937436762
-0.18594272009139687,-0.1626379312881123,-0.14134636285604782,-0.0824619145926663
-0.13873669010307513,-0.11664947154516596,-0.09647573707074451,-0.04099248423247725
-0.15214498879759158,-0.1303354380321035,-0.11083542436006301,-0.0566935278915
-0.145290967545286,-0.12242099019376525,-0.1015420726377172,-0.044800435117932275
-0.20312062315894577,-0.1797654238592127,-0.1592247813071581,-0.10365900672788372
-0.1815301030463587,-0.15838786371280938,-0.13771422052795476,-0.08196861135477289
-0.14052782663761454,-0.11741138095698828,-0.09657783901018449,-0.04011098492848492
-0.21266651762604244,-0.18961552241629975,-0.1683778447278923,-0.11078624053095648
-0.24643022193520236,-0.2238692916225037,-0.20366001939128786,-0.1479375008325192
-0.20032137517717288,-0.17767577335266266,-0.15706799825641815,-0.10064903102204999
-0.09234895181700628,-0.07024951404467997,-0.051400975545747914,-0.0016397014199986096
-0.1787356552794476,-0.1555261351519023,-0.13501330333827483,-0.0787021165311535
-0.13919071980999076,-0.11637731477748348,-0.09584331079705766,-0.04078019255445733
-0.16036446620813583,-0.13694712574549303,-0.1162075807721814,-0.059357574364415695
-0.17490099303295742,-0.15298621403460516,-0.13293801914778275,-0.07797800638898846
-0.1433264964121939,-0.11795926836144224,-0.09524423337086793,-0.03399797039177903
-0.16056091506806255,-0.13763953782567107,-0.11680044268657289,-0.058945505923726216
-0.14462706215639062,-0.12135772125812752,-0.10097931277919361,-0.04669796276704785
-0.17839326426756535,-0.15545171369703178,-0.13450129161779267,-0.07772538622255276
-0.17133336945053873,-0.1488279368435316,-0.1280239094619923,-0.07149209749128854
-0.14322289971607108,-0.12033300211467764,-0.09926735332906472,-0.042143013858520116
-0.12320419517517646,-0.10069404865765012,-0.08026965859930513,-0.02424910476168344
-0.12976513014707713,-0.10648003562090232,-0.0862318887340404,-0.03279659218200057
-0.10589515073140165,-0.0820802527760399,-0.06092000075807835,-0.0054044554877669656
-0.08099037907041462,-0.057953949512140376,-0.037376220532567096,0.017639168829339025
-0.20165698667822282,-0.17768018195276,-0.15704916598394833,-0.10105392163191695
-0.19871515361671502,-0.17532148397252173,-0.15435367569268985,-0.09722666355577214
-0.11322327706885232,-0.0900885635610763,-0.06908341070653447,-0.012090840000730067
-0.0931522058141511,-0.0701874145986939,-0.04952568564933936,0.0060138424707092695
-0.1888306851955498,-0.16634600148210807,-0.14583404483629794,-0.09021228273808084
-0.16861927951967484,-0.14676807748660395,-0.1268781013372174,-0.07209966354986236
-0.21726634971983233,-0.19320790541685717,-0.17182495539749068,-0.11516860160935571
-0.11744151733970819,-0.09364232080721442,-0.07294327049961552,-0.017190754004024478
-0.15513924398391646,-0.13079591336833712,-0.10929530608420046,-0.05243488938220277
-0.08301335394759475,-0.06069245519845599,-0.04073866423235816,0.012844721392775519
-0.08055335528341157,-0.056977490835676645,-0.03609937311462987,0.019600151020084992
-0.15928221858196934,-0.13618717442479572,-0.11671848170016774,-0.06362578858731323
-0.139161412355738,-0.11717069248837596,-0.09737518999070813,-0.04448800341776594
-0.1439916530866113,-0.12087525971814826,-0.09996656180832243,-0.04375339353242737
-0.1180304570772766,-0.093909185988812,-0.072845235490491,-0.01642546211740365
-0.1267928487231602,-0.10225654283966597,-0.08090246283510792,-0.024225746083090055
-0.12532151237620628,-0.10251915349796717,-0.08169820601956472,-0.025123480944718876
-0.13305505933817974,-0.11003084263102612,-0.08968636462983552,-0.033954964154887746
-0.23473251808550183,-0.2110890202209273,-0.19004582433719594,-0.1335859826727878
-0.2223144926766365,-0.19953623820133945,-0.17898210210022866,-0.12224812996603435
-0.11588289802625723,-0.09193152245912885,-0.07094634788492621,-0.014138692656113325
-0.155373432175763,-0.13264382335015737,-0.11210591439253105,-0.056193154384492836
-0.14742306688439336,-0.12444085345890382,-0.10405089196704241,-0.049315459893241674
-0.1229057643649749,-0.098903523655138,-0.07723836161448808,-0.018943060997013962
-0.1842840195794325,-0.15912622161273385,-0.13742321748093914,-0.078825617788512
-0.1426167419208143,-0.11974885260374686,-0.0991217877730114,-0.0432602880764423
-0.10226238875575269,-0.0773777826527322,-0.055487722468559916,0.0009899567792455084
-0.19697690165285028,-0.17322654622158154,-0.15198366728350335,-0.09484289511702453
-0.21081039425699688,-0.18736734276319442,-0.16616962647379163,-0.1078945546087205
-0.18179974433443885,-0.15853546603237753,-0.13716121245236884,-0.07876563728740693
-0.09721603518378119,-0.07385887953282871,-0.05287566678323706,0.002880966283078193
-0.13031271347164258,-0.1082405605948105,-0.08829472916917357,-0.03364243656084578
-0.1537412114312482,-0.13238990155153763,-0.11251655405396456,-0.056572840950743
-0.07360662151849587,-0.04881926548467455,-0.02717791343168531,0.02941851811433118
-0.16408838339079218,-0.14172690168874374,-0.12121338766655053,-0.06587135948504881
-0.09033114001280326,-0.06521564182189186,-0.04279796470363319,0.0166615072716651
-0.10570492482454767,-0.08159014602907248,-0.06005923587359217,-0.0027637031704089367
-0.1809592077366873,-0.1572171426279198,-0.1362856401129851,-0.0805134198728408
-0.15759221568110088,-0.13440738760917684,-0.1139255442375496,-0.05828452693480029
-0.14050149733298362,-0.11693096938422717,-0.09575612597143116,-0.03715559241523085
-0.12018745625841498,-0.09748432376617289,-0.07670819930180758,-0.02015659531712955
-0.1637170689301968,-0.1400123441337422,-0.11989776692428261,-0.06622231267821986
-0.15579378445883116,-0.13238142295820202,-0.11105340241104798,-0.05318816154776366
-0.19452906203275128,-0.1720541987324466,-0.15157595718815367,-0.0952587062308182
-0.14166882809310405,-0.11751056471864724,-0.0966676214318997,-0.0406257102835609
-0.21975154967270832,-0.19678844995917605,-0.17611431592226004,-0.11862350581267313
-0.13193315810364462,-0.10812463356785715,-0.08673309481078992,-0.02936258227733622
-0.14307168842101461,-0.11898075748937154,-0.09747021804783355,-0.038782718485284355
-0.1157333038441999,-0.09204522357977857,-0.0710982140381739,-0.015247508179207656
-0.030942348497783274,-0.007342585878201173,0.012198382625639525,0.06469702667977144
-0.21272617715006542,-0.1897096299168079,-0.1685052593905415,-0.11039481579202141
-0.12225386625772143,-0.09843762431809784,-0.07792303960130736,-0.023263809639788108
-0.08310363834747918,-0.060451474099763015,-0.0406462287053193,0.013523607815492509
-0.12064463318703986,-0.09808277199889506,-0.07796290122930571,-0.023408113146784593
-0.11586386521203886,-0.08952581558246193,-0.06572191836466489,-0.0021742262557832566
-0.021421654245705555,0.0018287602126206754,0.022311818529610398,0.07725737075634061
-0.15920107523998922,-0.13489511674423052,-0.1137498391302546,-0.05778810829550754
-0.1614288172060462,-0.13970055885905003,-0.12021619418269357,-0.06747847820459703
-0.16439770666596176,-0.14229099894458105,-0.1226458966815928,-0.06917653475016729
-0.14014035677531048,-0.11726397234504594,-0.09697571948603435,-0.04208279161703362
-0.14456545775215313,-0.1209434642735039,-0.09976138502349927,-0.04324095088672751
-0.17327873922057774,-0.14930251343388906,-0.12807899010885598,-0.07096066836229983
-0.10559639575076205,-0.08307857020965993,-0.06305545052103198,-0.009953677262772957
-0.12538223337618828,-0.10076116078265951,-0.07975406512948459,-0.02331153481962654
-0.09955879069870173,-0.07690335372324399,-0.05619661651585555,-0.00030860387469253624
-0.1820148325767461,-0.1589834208165614,-0.13802103659647974,-0.08152723702767341
-0.20444639473646412,-0.18091449248652217,-0.1605828692178198,-0.10558701025748594
-0.1292105457391899,-0.10575757826611179,-0.08493838751016533,-0.02929437974600724
-0.15869041081203034,-0.1338295260786622,-0.1118988137049551,-0.05461283135808801
-0.1379881671462673,-0.11283665002228756,-0.09057074688873762,-0.03062487590016498
-0.1732538774198083,-0.1496704458951163,-0.12816840666045773,-0.06891036385883305
-0.16120372525000776,-0.13905411379909907,-0.11887612914515178,-0.06393850943767598
-0.19996971560666843,-0.17749566334407324,-0.1566819097397689,-0.09982583458364423
-0.10028809536293505,-0.07361839431184412,-0.05002566776787608,0.00827806832692402
-0.16464542304474677,-0.14342614094339493,-0.12377543651136072,-0.06962453423824508
-0.05611645342810514,-0.030437514782628315,-0.008862800092112317,0.048602021522036035
-0.14892380699542776,-0.12447948197428933,-0.10337650855194924,-0.04666296113055226
-0.13711683897490462,-0.11366340735398668,-0.09333534685790049,-0.038126537175390676
-0.14129065139037159,-0.118315960714964,-0.09811010655972059,-0.04356456504442303
-0.1914901968047131,-0.16993305597019506,-0.15020510229904446,-0.09577277305014664
-0.13384057530501897,-0.11180330583432878,-0.0921732035906085,-0.038830417212363647
-0.09433060808899633,-0.07290946687337102,-0.05402410320124105,-0.002770397735578209
-0.11105589076569163,-0.08580870205173069,-0.06420706972807558,-0.007404682565160036
-0.0950467418684153,-0.07055096112010178,-0.04919417466300798,0.006000625289180748
-0.16891056389568296,-0.14737791495644473,-0.12812508334135794,-0.07593689449295862
-0.1284812531851636,-0.10439283873133656,-0.0830112952443157,-0.02534207386108415
-0.1690093023705277,-0.14507883691290177,-0.12325193909834864,-0.06426076570335443
-0.22926012403099733,-0.20426810320488584,-0.182382170483598,-0.12427281145728603
-0.12932200722365003,-0.1050407915720062,-0.08275100847690442,-0.022752306278754537
-0.19188275778396147,-0.1697631869290865,-0.1503080675650057,-0.09633668431425366
-0.12634560447208748,-0.10361442717330578,-0.08327811894579017,-0.028094549882711397
-0.21116978508700915,-0.18918431951056125,-0.1689741271155822,-0.11332588309907124
-0.2307260641144053,-0.20851912846655976,-0.18840652296912783,-0.13352833582009224
-0.11041632120365433,-0.08719211532335834,-0.06649461878736021,-0.010787094322895416
-0.23787542698783698,-0.2138272695593563,-0.19240896668925808,-0.13413869644091939
-0.089233189472138,-0.06753886499425846,-0.04763466648136526,0.00592673279112975
-0.23428776333802945,-0.2116946418883976,-0.19168309131594563,-0.1377953873080933
-0.14065510005553647,-0.11825814727819592,-0.09878815452861157,-0.04535258577563248
-0.19035079812054836,-0.16737707228336424,-0.14663607125175704,-0.08938835714514014
-0.14103270106278878,-0.1164600072019988,-0.09442368594598319,-0.03614434591609682
-0.1833315713153256,-0.16013360685634162,-0.13985092723336973,-0.08491318223671528
-0.11424159475278044,-0.0890087714091688,-0.06629503331986893,-0.005090118907739038
-0.045609320093513483,-0.0228651537632292,-0.0026821451902227676,0.05179823162313434
-0.1417357736427751,-0.1178542990462713,-0.09643740675610693,-0.03823379447365096
-0.1868534429342753,-0.16315851716345534,-0.1420734459045365,-0.0852384661630551
-0.12333181197612769,-0.09847273805660195,-0.07702279964635803,-0.01907058404478482
-0.1449820007861086,-0.12012164841084046,-0.09795494893537787,-0.039492011382386845
-0.11672962156492947,-0.09595224218943053,-0.07714622179658644,-0.025981374297997677
-0.14632487948119666,-0.12116115637041054,-0.09892666570558405,-0.03979736107117075
-0.19111358170052406,-0.16714172693579887,-0.1460353436964263,-0.08801671881584015
-0.2104752258327073,-0.18831674066142887,-0.16845954574756763,-0.1136572064250631
-0.1792125731659631,-0.15499533114710218,-0.13338034500714113,-0.0764800726277523
-0.15498030509091704,-0.13160553847795728,-0.11111570422862063,-0.055303478048717665
-0.18822817585075446,-0.1653901963897473,-0.14501314043178679,-0.09089602019697428
-0.11330249386338914,-0.08877434978410272,-0.06764868480131253,-0.012450020408669916
-0.14185724823391413,-0.11811401023597289,-0.09635942687390237,-0.03696429424468822
-0.11221720255555119,-0.08805443460722881,-0.0663524200277128,-0.008161286255320485
-0.09354989610499664,-0.06944282704412381,-0.048448623225091796,0.006457246397423155
-0.21097748818834333,-0.18880894873088594,-0.1682973320014491,-0.11154962030803767
-0.12337613196857006,-0.09840592112423918,-0.07591030846018729,-0.016095222730860552
-0.1429422645318168,-0.11973738696604071,-0.09934224748627894,-0.044019068995529737
-0.14528412178387215,-0.12159266691699547,-0.10100572268825495,-0.04481424824147907
-0.18692770274695056,-0.16348042861886883,-0.14277061400833052,-0.08685767941913737
-0.1363100325316114,-0.11303934917431396,-0.09266130142577896,-0.03852780736219894
-0.0720212566615746,-0.04716938954511967,-0.025602857208600553,0.03135449065198471
-0.08775372785744516,-0.0646517212877387,-0.04495381493741729,0.0088314606294084
-0.14396923984793558,-0.12033265598365453,-0.09897987472149011,-0.04086121671288577
-0.08792465343535523,-0.06257401939584929,-0.041412537237355544,0.01489269512235069
-0.16788597049978946,-0.14337268253925237,-0.12181080091059382,-0.06343222163044754
-0.20127520325341938,-0.1778534536540163,-0.15717193961321316,-0.10137754369699128
-0.09170312223937184,-0.06621672789104432,-0.04384952778863905,0.014825914590598975
-0.10974783224520422,-0.08732988593498743,-0.06725473956077004,-0.012252290342690446
-0.17653772168368112,-0.1527625458274719,-0.13181531179681696,-0.074877703986002
-0.1614622389418665,-0.1372235055078858,-0.11670272305843539,-0.062205893571939556
-0.08026263174696743,-0.05675595620934749,-0.03513355148010896,0.023158801856696713
-0.1595221064425593,-0.13510789717468716,-0.11362880795750215,-0.05634286041769268
-0.19608831924533113,-0.17340363970145525,-0.1530508607331276,-0.09802556555642572
-0.13639521694640533,-0.11245274762941374,-0.0909912689772217,-0.032954396082368255
-0.10790599425148453,-0.08389653964916594,-0.06237112255775713,-0.004684031648604284
-0.17706903115651987,-0.15407285136705323,-0.1335509963412521,-0.07709439896495204
-0.12882710773288752,-0.10642490747721442,-0.08598143392774461,-0.030186930129661827
-0.08644501093698549,-0.06137339501177481,-0.03966752882108614,0.01761883902566722
-0.15788072483002696,-0.13515672453782604,-0.11474598859848421,-0.05892539733892012
-0.16960725313202427,-0.1482583063734871,-0.12896539270501034,-0.07652902201953196
-0.16001377723438423,-0.13676349336527643,-0.11613132404469324,-0.06048807706949341
-0.19527126747497775,-0.17260865020794702,-0.15256126360396585,-0.09854868228981778
-0.03699412406038897,-0.013726399411785795,0.007228880571250022,0.06323699286696001
-0.1582844415601889,-0.13261571568238442,-0.11000862842588593,-0.05009687161654418
-0.08837175228438666,-0.06721258348214346,-0.048248128431119,0.004165681800112497
-0.12672801722426985,-0.10494711173568962,-0.08503045848627329,-0.031953022324035844
-0.19717893250782656,-0.17354332504334374,-0.1523009140336399,-0.09443471051811853
-0.15475396457493243,-0.13041543130924307,-0.10935543549262781,-0.05354399494649304
-0.11529218659691692,-0.09083320785913229,-0.06891660698988787,-0.010473057168155935
-0.16872855114582475,-0.14441417745423174,-0.12265860873011034,-0.0642767700808903
-0.10413363780893613,-0.08038956886685411,-0.05907536601405227,-0.0017643645188562802
-0.1448152204921916,-0.12263190022704874,-0.10293988564880882,-0.04959637712019959
-0.15011800127518488,-0.12707901912722266,-0.10647895244963784,-0.05078886489387934
-0.10733446284800638,-0.08489441785229584,-0.0650702133500483,-0.011467698491401331
-0.08707296489571141,-0.061721183013909615,-0.03943070252952079,0.018190378526755382
-0.07243315302403566,-0.04673146992496818,-0.024296019154902693,0.034484414961988216
-0.19241967568575313,-0.17004219617913685,-0.15015128753388443,-0.0953792981373467
-0.18166029767927655,-0.15872991655799604,-0.1382428292644179,-0.08263208814447805
-0.17328813100958973,-0.14961966495764167,-0.12843390654154202,-0.07155179256948986
-0.11608099519035595,-0.09372992467338256,-0.07388566256266485,-0.01963453783021618
-0.14791760086316538,-0.12261675569098246,-0.10064992533417567,-0.04255237338912851
-0.10714758692338532,-0.0835148570088176,-0.062234643851162834,-0.004720625893170569
-0.08500460329862779,-0.06065974070927988,-0.03912331420984413,0.01716350443450098
-0.1843959925009615,-0.1589923313662594,-0.13580089868056747,-0.07349542832538201
-0.16047448647973347,-0.13798305499009705,-0.11800633124483892,-0.06413874063079383
-0.14329917300499054,-0.12122533373210702,-0.10119653125640343,-0.04624389198825829
-0.18761818306622027,-0.16502399750022598,-0.14505312909242846,-0.09051925094911831
-0.1125158080480793,-0.08965369168048708,-0.0696682133734521,-0.015181324977125365
-0.19642318269952896,-0.17211336519475254,-0.1501075447559888,-0.09066561697593453
-0.10461101870499029,-0.08057141255918655,-0.05889907231981377,-0.0002086329779644116
-0.09909452053961543,-0.07526599706202279,-0.05443546207917331,0.0010108635422638901
-0.15050010881716142,-0.12923763044716458,-0.10985412468733106,-0.05761158173497186
-0.11276134611544673,-0.08790659423606349,-0.06587619583438828,-0.008630187963223719
-0.12822443692573346,-0.10611817957695256,-0.08640671398541748,-0.032655789833264094
-0.15415365005884393,-0.12913989191105038,-0.10687516599558221,-0.048756618944099224
-0.17920212501278787,-0.1555475242801329,-0.1347204906322874,-0.077349496047747
-0.1072549260483963,-0.08469001678726966,-0.06434265596177284,-0.008587720340263
-0.19070325314305384,-0.16617664582867686,-0.14486966708962087,-0.0871855343706245
-0.17722834141911378,-0.15629226501597132,-0.13702835245150954,-0.08372799295041558
