,method,N,x_star
0,SAA,10,-0.22165363561739948
1,Bayes,10,-0.22147982831710034
2,SAA,20,-0.18596091185669691
3,Bayes,20,-0.1854486137644085
4,SAA,50,-0.1909053738529208
5,Bayes,50,-0.18791658136466796
6,SAA,10,-0.19668261005010318
7,Bayes,10,-0.19995583478066148
8,SAA,20,-0.20859679801493608
9,Bayes,20,-0.2027778897809879
10,SAA,50,-0.1949653771453093
11,Bayes,50,-0.19415643495985618
12,SAA,10,-0.20295039169892498
13,Bayes,10,-0.2049810181344323
14,SAA,20,-0.20505494390810686
15,Bayes,20,-0.20193194090411767
16,SAA,50,-0.1905852509465343
17,Bayes,50,-0.191898790607783
18,SAA,10,-0.18482009164431967
19,Bayes,10,-0.1839380915641203
20,SAA,20,-0.20707103284477663
21,Bayes,20,-0.2106238762408914
22,SAA,50,-0.20728745909552593
23,Bayes,50,-0.20398401263869295
24,SAA,10,-0.21586890093426053
25,Bayes,10,-0.21655739306396557
26,SAA,20,-0.19287543283578432
27,Bayes,20,-0.1911324717751388
28,SAA,50,-0.19868368822809987
29,Bayes,50,-0.19429713749647542
30,SAA,10,-0.1739551849768571
31,Bayes,10,-0.1746861155181367
32,SAA,20,-0.19398253563124
33,Bayes,20,-0.1979320690064542
34,SAA,50,-0.2159937251233994
35,Bayes,50,-0.21794624948353314
36,SAA,10,-0.2110375389736116
37,Bayes,10,-0.21749810523251328
38,SAA,20,-0.18929473329705546
39,Bayes,20,-0.18636291050194173
40,SAA,50,-0.20576480736604566
41,Bayes,50,-0.20821148801169237
42,SAA,10,-0.20452010827915895
43,Bayes,10,-0.20422559081583058
44,SAA,20,-0.20166362253802503
45,Bayes,20,-0.19640325908945974
46,SAA,50,-0.2058529132625181
47,Bayes,50,-0.20430170561387834
48,SAA,10,-0.19316661989130796
49,Bayes,10,-0.19792170266388637
50,SAA,20,-0.20263342145882088
51,Bayes,20,-0.1974379877880334
52,SAA,50,-0.1989111466408024
53,Bayes,50,-0.20190194932298902
54,SAA,10,-0.20177224263536603
55,Bayes,10,-0.20778156719978588
56,SAA,20,-0.1949262291393689
57,Bayes,20,-0.19061524029112825
58,SAA,50,-0.19646676100914112
59,Bayes,50,-0.19637047586662243
60,SAA,10,-0.21478880714308743
61,Bayes,10,-0.2115194235723375
62,SAA,20,-0.2046128864139328
63,Bayes,20,-0.1987995752144384
64,SAA,50,-0.20084797375304306
65,Bayes,50,-0.19715653262357852
66,SAA,10,-0.1975947138838368
67,Bayes,10,-0.20301489233131503
68,SAA,20,-0.19808854032782733
69,Bayes,20,-0.19445965718581626
70,SAA,50,-0.20230345001887767
71,Bayes,50,-0.20429376781044598
72,SAA,10,-0.20400758151412252
73,Bayes,10,-0.2077642071209332
74,SAA,20,-0.19167109823513465
75,Bayes,20,-0.1833845835927667
76,SAA,50,-0.20915352944022866
77,Bayes,50,-0.21126152228408993
78,SAA,10,-0.20080871321414923
79,Bayes,10,-0.20392154967386952
80,SAA,20,-0.18649575495594153
81,Bayes,20,-0.18194994109904772
82,SAA,50,-0.2028155026121894
83,Bayes,50,-0.20338530805223054
84,SAA,10,-0.20055423127342056
85,Bayes,10,-0.20257949111298948
86,SAA,20,-0.21161417485868692
87,Bayes,20,-0.2148209978494481
88,SAA,50,-0.193521667385452
89,Bayes,50,-0.19229379790881093
90,SAA,10,-0.20746175422186525
91,Bayes,10,-0.21507078265081103
92,SAA,20,-0.20238038114840934
93,Bayes,20,-0.2032615593594572
94,SAA,50,-0.20740738186328644
95,SAA,10,-0.21507406180979505
96,Bayes,10,-0.21565144467238498
97,SAA,20,-0.19545131007210934
98,Bayes,20,-0.19894165219632767
99,SAA,50,-0.20128186952421404
100,Bayes,50,-0.20306262480232112
101,SAA,10,-0.20524130611057165
102,Bayes,10,-0.20625007688879093
103,SAA,20,-0.21123836781213898
104,Bayes,20,-0.20545051198091258
105,SAA,50,-0.1980988351319502
106,Bayes,50,-0.201120981997905
107,SAA,10,-0.1868738534735208
108,Bayes,10,-0.19085289211966278
109,SAA,20,-0.18946402124136985
110,Bayes,20,-0.19261304900438167
111,SAA,50,-0.20440328736062066
112,Bayes,50,-0.20621193145091288
113,SAA,10,-0.21943534979396054
114,Bayes,10,-0.21435572621327176
115,SAA,20,-0.18900019034680998
116,Bayes,20,-0.19579235292424016
117,SAA,50,-0.2011144130120024
118,Bayes,50,-0.2030389414001096
119,SAA,10,-0.20641180360480976
120,Bayes,10,-0.20730020827923767
121,SAA,20,-0.22147067505072113
122,Bayes,20,-0.2197678845886611
123,SAA,50,-0.20529833328344882
124,Bayes,50,-0.20554896036890793
125,SAA,10,-0.19029052776930738
126,Bayes,10,-0.19540878353972027
127,SAA,20,-0.20432115337132983
128,Bayes,20,-0.2018455574597741
129,SAA,50,-0.19541422469558944
130,Bayes,50,-0.19232317495969523
131,SAA,10,-0.18136826883172485
132,Bayes,10,-0.17623712476011125
133,SAA,20,-0.2098094956233357
134,Bayes,20,-0.20910161005879696
135,SAA,50,-0.18387156268319943
136,Bayes,50,-0.18773263174385682
137,SAA,10,-0.17198283440024548
138,Bayes,10,-0.17440396432320274
139,SAA,20,-0.1976777996139127
140,Bayes,20,-0.198739771469666
141,SAA,50,-0.19496672093435527
142,Bayes,50,-0.19656464561142653
143,SAA,10,-0.1851271602074538
144,Bayes,10,-0.18379393646140968
145,SAA,20,-0.20116680151158822
146,Bayes,20,-0.19643149669624088
147,SAA,50,-0.2006232420654917
148,Bayes,50,-0.19724762214824385
149,SAA,10,-0.17535497092304353
150,Bayes,10,-0.18121620298625943
151,SAA,20,-0.19849546871067092
152,Bayes,20,-0.1974986073810189
153,SAA,50,-0.19367030647631553
154,Bayes,50,-0.20099349473843023
155,SAA,10,-0.177988722087087
156,Bayes,10,-0.18313771077853125
157,SAA,20,-0.2175378591679657
158,Bayes,20,-0.21794808860539294
159,SAA,50,-0.2006934471184147
160,Bayes,50,-0.19885204565458275
161,SAA,10,-0.19698626022026972
162,Bayes,10,-0.19392714977029518
163,SAA,20,-0.1919347912004752
164,Bayes,20,-0.19300201106668682
165,SAA,50,-0.20003244714314136
166,Bayes,50,-0.20443774061839146
167,SAA,10,-0.18656906303997955
168,Bayes,10,-0.1901810914864805
169,SAA,20,-0.18926509882267417
170,Bayes,20,-0.1922112314525727
171,SAA,50,-0.19226409181908174
172,Bayes,50,-0.2004188527627591
173,SAA,10,-0.20828558755628113
174,Bayes,10,-0.20482922153122915
175,SAA,20,-0.17839478752648152
176,Bayes,20,-0.17538358919482663
177,SAA,50,-0.19857469549852302
178,Bayes,50,-0.19344199894972366
179,SAA,10,-0.1787491415774033
180,Bayes,10,-0.17756745996104717
181,SAA,20,-0.20346658491496059
182,Bayes,20,-0.19411083705121548
183,SAA,50,-0.19034904065877037
184,Bayes,50,-0.19316456743815885
185,SAA,10,-0.20680308276983458
186,Bayes,10,-0.20479281183782316
187,SAA,20,-0.20585663423917924
188,Bayes,20,-0.20434448118771806
189,SAA,50,-0.18760564089175105
190,Bayes,50,-0.19032173067069055
191,SAA,10,-0.21043285340179108
192,Bayes,10,-0.20705298543042708
193,SAA,20,-0.20195241337465566
194,Bayes,20,-0.2044113699400455
195,SAA,50,-0.20451583157246742
196,Bayes,50,-0.19726373934657804
197,SAA,10,-0.17959386619019582
198,Bayes,10,-0.18443217240681978
199,SAA,20,-0.20870258459564575
200,Bayes,20,-0.2074718515531593
201,SAA,50,-0.20371167507761775
202,Bayes,50,-0.1946204673077705
203,SAA,10,-0.18317310226331918
204,Bayes,10,-0.18440647482229236
205,SAA,20,-0.1744421809690374
206,Bayes,20,-0.1735330991222478
207,SAA,50,-0.20064198388732807
208,Bayes,50,-0.20194551714485787
209,SAA,10,-0.19370367315657366
210,Bayes,10,-0.1922017630124934
211,SAA,20,-0.20070106975047383
212,Bayes,20,-0.20247027152102365
213,SAA,50,-0.2044422614278343
214,Bayes,50,-0.20202423699370628
215,SAA,10,-0.21130028193651287
216,Bayes,10,-0.21534225643782262
217,SAA,20,-0.2162649485360259
218,Bayes,20,-0.2163423032504743
219,SAA,50,-0.19300933194635703
220,Bayes,50,-0.19194548905507852
221,SAA,10,-0.19472722648870544
222,Bayes,10,-0.2035207176255288
223,SAA,20,-0.19696567092499032
224,Bayes,20,-0.19557601408164932
225,SAA,50,-0.196789511136915
226,Bayes,50,-0.1998441291979713
227,SAA,10,-0.19047102782777586
228,Bayes,10,-0.18997993688641257
229,SAA,20,-0.18599337537154553
230,Bayes,20,-0.1848051068007453
231,SAA,50,-0.20196232459721886
232,Bayes,50,-0.2008238278746523
233,SAA,10,-0.19390544295169196
234,Bayes,10,-0.19682630987460473
235,SAA,20,-0.19840587608957724
236,Bayes,20,-0.19745460821807648
237,SAA,50,-0.20932654255963742
238,Bayes,50,-0.2053925041728929
239,SAA,10,-0.18113786529076661
240,Bayes,10,-0.17820810425957087
241,SAA,20,-0.20678337141470998
242,Bayes,20,-0.20083765948725085
243,SAA,50,-0.20009022842782456
244,Bayes,50,-0.203367398505858
245,SAA,10,-0.21238917877337962
246,Bayes,10,-0.20687593914433144
247,SAA,20,-0.2025916592870766
248,Bayes,20,-0.20463117347785154
249,SAA,50,-0.19890117769358076
250,Bayes,50,-0.19705548616029833
251,SAA,10,-0.19858353718869423
252,Bayes,10,-0.1972078005183171
253,SAA,20,-0.21545305408739165
254,Bayes,20,-0.209494534687
255,SAA,50,-0.19808110504720539
256,Bayes,50,-0.19514928532853495
257,SAA,10,-0.18063492649341995
258,Bayes,10,-0.18433585337766042
259,SAA,20,-0.20561020269589217
260,Bayes,20,-0.20350284054359435
261,SAA,50,-0.2050786862544391
262,Bayes,50,-0.20746526003954463
263,SAA,10,-0.2027309918926902
264,Bayes,10,-0.2019842685597692
265,SAA,20,-0.20875555596261883
266,Bayes,20,-0.20878827785131385
267,SAA,50,-0.2023286855447479
268,Bayes,50,-0.2016935686226013
269,SAA,10,-0.21127213828481908
270,Bayes,10,-0.20758768461610147
271,SAA,20,-0.17199941409474936
272,Bayes,20,-0.17555357581662392
273,SAA,50,-0.18739888272478697
274,Bayes,50,-0.19098231028238644
275,SAA,10,-0.19923161581817023
276,Bayes,10,-0.20198099967198427
277,SAA,20,-0.214209071715672
278,Bayes,20,-0.21656698218168197
279,SAA,50,-0.19933565668815378
280,Bayes,50,-0.20643365869650315
281,SAA,10,-0.21685913388074934
282,Bayes,10,-0.21086281361344353
283,SAA,20,-0.1882659580600374
284,Bayes,20,-0.19358205844231538
285,SAA,50,-0.20149963416732852
286,Bayes,50,-0.1995467262540186
287,SAA,10,-0.1927035761648166
288,Bayes,10,-0.19308466945125008
289,SAA,20,-0.1897328756328267
290,Bayes,20,-0.19375204686763733
291,SAA,50,-0.20281750600772583
292,Bayes,50,-0.19912285654292908
293,SAA,10,-0.1863400039571288
294,Bayes,10,-0.183777196012653
295,SAA,20,-0.19890493716257482
296,Bayes,20,-0.19595264044235253
297,SAA,50,-0.20169794581849446
298,Bayes,50,-0.2070323169257422
299,SAA,10,-0.18800592760546336
300,Bayes,10,-0.18271616555999837
301,SAA,20,-0.19705545705170108
302,Bayes,20,-0.19606219450546544
303,SAA,50,-0.1996260292873843
304,Bayes,50,-0.19642909037589296
305,SAA,10,-0.19500697389879668
306,Bayes,10,-0.19991696716366908
307,SAA,20,-0.19724464876237388
308,Bayes,20,-0.1982601037236709
309,SAA,50,-0.1844605328077542
310,Bayes,50,-0.18444660686090206
311,SAA,10,-0.2140220744180826
312,Bayes,10,-0.21485189398503785
313,SAA,20,-0.19655115268626866
314,Bayes,20,-0.19888229864822807
315,SAA,50,-0.20054108404367937
316,Bayes,50,-0.19517841390016671
317,SAA,10,-0.20206389927727536
318,Bayes,10,-0.2050029000985796
319,SAA,20,-0.19383853772354143
320,Bayes,20,-0.19246682464220063
321,SAA,50,-0.2021992145020839
322,Bayes,50,-0.20155135188849443
323,SAA,10,-0.17488444275770185
324,Bayes,10,-0.17962735302634744
325,SAA,20,-0.1955393095585596
326,Bayes,20,-0.19852358153015648
327,SAA,50,-0.20674183254510736
328,Bayes,50,-0.20780802673858703
329,SAA,10,-0.19047804881442093
330,Bayes,10,-0.19291105432476008
331,SAA,20,-0.20002240374109712
332,Bayes,20,-0.19502038845282219
333,SAA,50,-0.18986590097714184
334,Bayes,50,-0.19434405681080894
335,SAA,10,-0.21903686408733394
336,Bayes,10,-0.21171481879303738
337,SAA,20,-0.19289750032258732
338,Bayes,20,-0.1930503432044463
339,SAA,50,-0.19896534262662682
340,Bayes,50,-0.19944912012956603
341,SAA,10,-0.19492062781697028
342,Bayes,10,-0.1989696261362044
343,SAA,20,-0.18065395753873714
344,Bayes,20,-0.18218118360687816
345,SAA,50,-0.19928711726684636
346,Bayes,50,-0.19525769085626496
347,SAA,10,-0.2081158131369116
348,Bayes,10,-0.2068316834515468
349,SAA,20,-0.20611591413557417
350,Bayes,20,-0.20738504694651336
351,SAA,50,-0.20308863897735582
352,Bayes,50,-0.20223296169412758
353,SAA,10,-0.19168799112049587
354,Bayes,10,-0.19224860601065255
355,SAA,20,-0.19295225338285496
356,Bayes,20,-0.19524810316174027
357,SAA,50,-0.2002821888997817
358,Bayes,50,-0.19835712877577835
359,SAA,10,-0.18470309361361026
360,Bayes,10,-0.1891188234045426
361,SAA,20,-0.2022534262908625
362,Bayes,20,-0.20509160034166984
363,SAA,50,-0.19241870877233272
364,Bayes,50,-0.18916639216773698
365,SAA,10,-0.20058761081195267
366,Bayes,10,-0.19074062422371235
367,SAA,20,-0.20643035000941787
368,Bayes,20,-0.2076627824607598
369,SAA,50,-0.20184444132041235
370,Bayes,50,-0.20669178257109214
371,SAA,10,-0.19857560343520445
372,Bayes,10,-0.1965629582728763
373,SAA,20,-0.17902527371366458
374,Bayes,20,-0.1946069970270431
375,SAA,50,-0.19181684027481902
376,Bayes,50,-0.191950714880733
377,SAA,10,-0.18375597454470002
378,Bayes,10,-0.1946857961033328
379,SAA,20,-0.19892042218008735
380,Bayes,20,-0.20465997246072634
381,SAA,50,-0.1924174111733005
382,Bayes,50,-0.1957759607728218
383,SAA,10,-0.1931015443825221
384,Bayes,10,-0.1894025731481346
385,SAA,20,-0.20278648631481253
386,Bayes,20,-0.20093320958845312
387,SAA,50,-0.20612771603271549
388,Bayes,50,-0.21204643304113693
389,SAA,10,-0.22817144165851722
390,Bayes,10,-0.22819610490064826
391,SAA,20,-0.18850400044418497
392,Bayes,20,-0.18883109769288267
393,SAA,50,-0.19745954753039327
394,Bayes,50,-0.2003322632851247
395,SAA,10,-0.19292037337568718
396,Bayes,10,-0.19410583563864584
397,SAA,20,-0.20206674254012955
398,Bayes,20,-0.20333991535852294
399,SAA,50,-0.19512624346591828
400,Bayes,50,-0.19118580459047455
401,SAA,10,-0.19252983293576056
402,Bayes,10,-0.1955602696004478
403,SAA,20,-0.20202113479577918
404,Bayes,20,-0.19798611521144444
405,SAA,50,-0.1940265880716398
406,Bayes,50,-0.19344385787178778
407,SAA,10,-0.19340904265989242
408,Bayes,10,-0.1880419074679297
409,SAA,20,-0.20861835917875904
410,Bayes,20,-0.20669652548515433
411,SAA,50,-0.19552467757934416
412,Bayes,50,-0.19956701844475339
413,SAA,10,-0.21267495543678314
414,Bayes,10,-0.2109365341708656
415,SAA,20,-0.21103665054491053
416,Bayes,20,-0.21114028567702686
417,SAA,50,-0.1925905177042405
418,Bayes,50,-0.18778609707730468
419,SAA,10,-0.2079525631924416
420,Bayes,10,-0.2089583892280672
421,SAA,20,-0.2022178763465744
422,Bayes,20,-0.20027426792358607
423,SAA,50,-0.20674468822633812
424,Bayes,50,-0.20172584338840496
425,SAA,10,-0.17016995873645244
426,Bayes,10,-0.17189221434664542
427,SAA,20,-0.19351325624269536
428,Bayes,20,-0.19178788076541708
429,SAA,50,-0.1958166930032143
430,Bayes,50,-0.19976510260975897
431,SAA,10,-0.19857183361529648
432,Bayes,10,-0.20367651736692594
433,SAA,20,-0.18516561360028683
434,Bayes,20,-0.18122719873387397
435,SAA,50,-0.19414766580219514
436,Bayes,50,-0.1912814492634536
437,SAA,10,-0.20465342214189935
438,Bayes,10,-0.20300279038142124
439,SAA,20,-0.20907283602734503
440,Bayes,20,-0.20537733475762646
441,SAA,50,-0.18121932404932606
442,Bayes,50,-0.1814435807757372
443,SAA,10,-0.20768255764039587
444,Bayes,10,-0.20872019495171842
445,SAA,20,-0.2038776603800126
446,Bayes,20,-0.2130405156519893
447,SAA,50,-0.20658056406980116
448,Bayes,50,-0.2020947818413128
449,SAA,10,-0.2116442126565466
450,Bayes,10,-0.21161778972992837
451,SAA,20,-0.21545904888792808
452,Bayes,20,-0.2249168053617509
453,SAA,50,-0.19836422232884512
454,Bayes,50,-0.1955015507060159
455,SAA,10,-0.1952354639824908
456,Bayes,10,-0.1933710291265496
457,SAA,20,-0.2272567906624773
458,Bayes,20,-0.22908329651739442
459,SAA,50,-0.1989781706718686
460,Bayes,50,-0.19754523924865144
461,SAA,10,-0.22503806583430624
462,Bayes,10,-0.21604531496616441
463,SAA,20,-0.19482658585348123
464,Bayes,20,-0.19764706286322606
465,SAA,50,-0.1937838989317603
466,Bayes,50,-0.1921551235719524
467,SAA,10,-0.18914788359361073
468,Bayes,10,-0.1838346971540494
469,SAA,20,-0.1892270401823305
470,Bayes,20,-0.19377922282827068
471,SAA,50,-0.19527797515727055
472,Bayes,50,-0.19577516204027426
473,SAA,10,-0.19921935648377953
474,Bayes,10,-0.19860153732572847
475,SAA,20,-0.17778392553799288
476,Bayes,20,-0.17437168470269998
477,SAA,50,-0.19937321581975967
478,Bayes,50,-0.1973720362421879
479,SAA,10,-0.1938813549266479
480,Bayes,10,-0.19338032525492058
481,SAA,20,-0.18208269030336682
482,Bayes,20,-0.17970070935015442
483,SAA,50,-0.19903436289856716
484,Bayes,50,-0.1996459076676234
485,SAA,10,-0.19801068717678963
486,Bayes,10,-0.19824925998411927
487,SAA,20,-0.2018304330903032
488,Bayes,20,-0.2047133519363017
489,SAA,50,-0.20252116296109052
490,Bayes,50,-0.20830654447292113
491,SAA,10,-0.18253828841145506
492,Bayes,10,-0.178505541775669
493,SAA,20,-0.20755526335557795
494,Bayes,20,-0.2092737861376155
495,SAA,50,-0.19626638144951786
496,Bayes,50,-0.1929061925546513
497,SAA,10,-0.21224500989665301
498,Bayes,10,-0.20791950251613975
499,SAA,20,-0.2016682178214286
500,Bayes,20,-0.2008385167605302
501,SAA,50,-0.20006142377400235
502,Bayes,50,-0.20015639530415927
503,SAA,10,-0.20729310946968485
504,Bayes,10,-0.20742493596310602
505,SAA,20,-0.20344433753735422
506,Bayes,20,-0.2043896072647177
507,SAA,50,-0.20231838984794334
508,Bayes,50,-0.19882387752160993
509,SAA,10,-0.20860492038728756
510,Bayes,10,-0.2088883585133
511,SAA,20,-0.1860021894744333
512,Bayes,20,-0.1843928983328893
513,SAA,50,-0.20031475901055132
514,Bayes,50,-0.20203912936320756
515,SAA,10,-0.1862670861997703
516,Bayes,10,-0.18826232582779845
517,SAA,20,-0.2153559340544437
518,Bayes,20,-0.2131909000693397
519,SAA,50,-0.2001072816094791
520,Bayes,50,-0.20217341480060985
521,SAA,10,-0.19127409403505158
522,Bayes,10,-0.1950062381544948
523,SAA,20,-0.2055449893571222
524,Bayes,20,-0.20441882521523588
525,SAA,50,-0.2047531344693517
526,Bayes,50,-0.20473587024708229
527,SAA,10,-0.18852729518843214
528,Bayes,10,-0.1911974536940466
529,SAA,20,-0.20920361509179344
530,Bayes,20,-0.20564785956373588
531,SAA,50,-0.20406889015213486
532,Bayes,50,-0.2024374057677868
533,SAA,10,-0.18771107514257152
534,Bayes,10,-0.18177177766467975
535,SAA,20,-0.20020758435113747
536,Bayes,20,-0.1944723291402014
537,SAA,50,-0.20388897644968387
538,Bayes,50,-0.2015809261970278
539,SAA,10,-0.1832657438447251
540,Bayes,10,-0.18591566868096945
541,SAA,20,-0.18854033629052588
542,Bayes,20,-0.18836263466590653
543,SAA,50,-0.19765004368193576
544,Bayes,50,-0.1953893616527248
545,SAA,10,-0.22726278071762018
546,Bayes,10,-0.22618540125507736
547,SAA,20,-0.19646267935407905
548,Bayes,20,-0.19212921405070255
549,SAA,50,-0.20219599954305129
550,Bayes,50,-0.2025265136184666
551,SAA,10,-0.19103186169021907
552,Bayes,10,-0.19634852737716307
553,SAA,20,-0.1931299541975241
554,Bayes,20,-0.19187719176915044
555,SAA,50,-0.20682557561994824
556,Bayes,50,-0.21078021847885983
557,SAA,10,-0.2095358116023962
558,Bayes,10,-0.20838791475400245
559,SAA,20,-0.20350443288318062
560,Bayes,20,-0.2069579679165363
561,SAA,50,-0.20175903685938845
562,Bayes,50,-0.20647503603130524
563,SAA,10,-0.1939410513084165
564,Bayes,10,-0.19585606167935043
565,SAA,20,-0.1972175883665255
566,Bayes,20,-0.19453057157490494
567,SAA,50,-0.20677600962820825
568,Bayes,50,-0.20996026516224184
569,SAA,10,-0.21302150311691861
570,Bayes,10,-0.20739335080867108
571,SAA,20,-0.1972357370589415
572,Bayes,20,-0.19979562088791497
573,SAA,50,-0.19270065504955575
574,Bayes,50,-0.19010130308013043
575,SAA,10,-0.21926863352486334
576,Bayes,10,-0.21550239488004877
577,SAA,20,-0.19335346011599236
578,Bayes,20,-0.19248222148013608
579,SAA,50,-0.2030863026606935
580,Bayes,50,-0.19952421107842794
581,SAA,10,-0.2024066519690244
582,Bayes,10,-0.19834645809029242
583,SAA,20,-0.1916395106041541
584,Bayes,20,-0.19084729259715005
585,SAA,50,-0.198712511295885
586,Bayes,50,-0.19935844294134233
587,SAA,10,-0.20435849004675255
588,Bayes,10,-0.20111247198822585
589,SAA,20,-0.19429489685654788
590,Bayes,20,-0.18918420444143302
591,SAA,50,-0.20266388184540757
592,Bayes,50,-0.20284792468081947
593,SAA,10,-0.20354870236855288
594,Bayes,10,-0.2051082282681066
595,SAA,20,-0.20262995214282256
596,Bayes,20,-0.20227433417552848
597,SAA,50,-0.20430860182341448
598,Bayes,50,-0.20740969268134424
599,SAA,10,-0.19652207264921448
600,Bayes,10,-0.1948934828227395
601,SAA,20,-0.20024169750751447
602,Bayes,20,-0.19906023932898084
603,SAA,50,-0.19915402229584225
604,Bayes,50,-0.2051815975096068
605,SAA,10,-0.21223755625519405
606,Bayes,10,-0.21421712763080752
607,SAA,20,-0.20748215462022238
608,Bayes,20,-0.21238414810295386
609,SAA,50,-0.20255634800925598
610,Bayes,50,-0.19858082504239527
611,SAA,10,-0.1822232288103647
612,Bayes,10,-0.1813821097419072
613,SAA,20,-0.20285456797487533
614,Bayes,20,-0.2001095202973492
615,SAA,50,-0.20806444725179157
616,Bayes,50,-0.20723149110747416
617,SAA,10,-0.20530486579743473
618,Bayes,10,-0.209006050855132
619,SAA,20,-0.21330247815373796
620,Bayes,20,-0.21086366790140906
621,SAA,50,-0.19316998373022742
622,Bayes,50,-0.19425707819743315
623,SAA,10,-0.17694358177942943
624,Bayes,10,-0.17996666480372694
625,SAA,20,-0.20166584497308138
626,Bayes,20,-0.20148804883856347
627,SAA,50,-0.20944220282630155
628,Bayes,50,-0.21096290292406822
629,SAA,10,-0.17101197799720658
630,Bayes,10,-0.17452361475321496
631,SAA,20,-0.20273974064462816
632,Bayes,20,-0.19584361500730063
633,SAA,50,-0.2033346937922236
634,Bayes,50,-0.20978628792391144
635,SAA,10,-0.22243738659166645
636,Bayes,10,-0.22451918365149692
637,SAA,20,-0.1880476932798133
638,Bayes,20,-0.18577141974187913
639,SAA,50,-0.19671236799386244
640,Bayes,50,-0.19935257621778874
641,SAA,10,-0.2089637858931985
642,Bayes,10,-0.21073004773570725
643,SAA,20,-0.19030474895116575
644,Bayes,20,-0.1888311277232529
645,SAA,50,-0.1973519398037323
646,Bayes,50,-0.1923671324736278
647,SAA,10,-0.19914053017476685
648,Bayes,10,-0.19465107199075113
649,SAA,20,-0.20969729126275435
650,Bayes,20,-0.21658553245744455
651,SAA,50,-0.20806124553402064
652,Bayes,50,-0.20259846404731593
653,SAA,10,-0.19625128593243085
654,Bayes,10,-0.1921445132835787
655,SAA,20,-0.2109970867507061
656,Bayes,20,-0.20722824805024587
657,SAA,50,-0.200724314326925
658,Bayes,50,-0.2055607826636755
659,SAA,10,-0.21558030434802303
660,Bayes,10,-0.2102268232290525
661,SAA,20,-0.19537370711068855
662,Bayes,20,-0.19422983780180578
663,SAA,50,-0.1982104024239138
664,Bayes,50,-0.19604117325946405
665,SAA,10,-0.19845687683120614
666,Bayes,10,-0.19081873841320787
667,SAA,20,-0.19807557205965867
668,Bayes,20,-0.19980546384464265
669,SAA,50,-0.2053955071603467
670,Bayes,50,-0.20241586903346417
671,SAA,10,-0.18501588730949248
672,Bayes,10,-0.1776493081039791
673,SAA,20,-0.20566653558014092
674,Bayes,20,-0.20519631687938655
675,SAA,50,-0.1943860272359871
676,Bayes,50,-0.1966511349475479
677,SAA,10,-0.1994648405144438
678,Bayes,10,-0.19462801599295565
679,SAA,20,-0.1975706630093757
680,Bayes,20,-0.1953715893862624
681,SAA,50,-0.19254046505941813
682,Bayes,50,-0.1911590391119608
683,SAA,10,-0.18633857355533104
684,Bayes,10,-0.18633542166015502
685,SAA,20,-0.19932835229063756
686,Bayes,20,-0.20738853449418906
687,SAA,50,-0.2022590701423733
688,Bayes,50,-0.19826798802284726
689,SAA,10,-0.19545585888832598
690,Bayes,10,-0.18823420420675785
691,SAA,20,-0.19963052653537447
692,Bayes,20,-0.20443684961693837
693,SAA,50,-0.19757987268162663
694,Bayes,50,-0.19638807671579428
695,SAA,10,-0.19392880987917305
696,Bayes,10,-0.19378118334869252
697,SAA,20,-0.18661869430167694
698,Bayes,20,-0.18405249207897484
699,SAA,50,-0.19872455472047607
700,Bayes,50,-0.19930020996378028
701,SAA,10,-0.17123212432682036
702,Bayes,10,-0.17125421479048183
703,SAA,20,-0.203694875621275
704,Bayes,20,-0.20396019994008094
705,SAA,50,-0.1978587530683538
706,Bayes,50,-0.1977259611822968
707,SAA,10,-0.19804988356537762
708,Bayes,10,-0.19352568614790172
709,SAA,20,-0.20716648986687217
710,Bayes,20,-0.21150917103902148
711,SAA,50,-0.21270679571910575
712,Bayes,50,-0.20976447781961266
713,SAA,10,-0.1971864716155788
714,Bayes,10,-0.18574231220390525
715,SAA,20,-0.19898796797299353
716,Bayes,20,-0.19754615172412057
717,SAA,50,-0.1906318597191077
718,Bayes,50,-0.19160838647068296
719,SAA,10,-0.21217375271296396
720,Bayes,10,-0.21026285457996344
721,SAA,20,-0.20748130648243152
722,Bayes,20,-0.20984523004918462
723,SAA,50,-0.19948518590243822
724,Bayes,50,-0.1995040366050142
725,SAA,10,-0.2103151510812197
726,Bayes,10,-0.20842959097615885
727,SAA,20,-0.204480513671737
728,Bayes,20,-0.20691295908447904
729,SAA,50,-0.19733011666752812
730,Bayes,50,-0.1963131518185517
731,SAA,10,-0.19206371676168504
732,Bayes,10,-0.1911248962743432
733,SAA,20,-0.17900212513555513
734,Bayes,20,-0.17740946388691456
735,SAA,50,-0.17771091897232555
736,Bayes,50,-0.17381779452486967
737,SAA,10,-0.18389510218309707
738,Bayes,10,-0.18598426132718307
739,SAA,20,-0.19927210896740394
740,Bayes,20,-0.1980747879471631
741,SAA,50,-0.20897561193059425
742,Bayes,50,-0.21139588636583886
743,SAA,10,-0.19600355731674107
744,Bayes,10,-0.20545284316879142
745,SAA,20,-0.19593668185031357
746,Bayes,20,-0.1981678940185205
747,SAA,50,-0.20418754113076187
748,Bayes,50,-0.2081212299370637
749,SAA,10,-0.18851919286096694
750,Bayes,10,-0.19830005626737746
751,SAA,20,-0.2167838763321296
752,Bayes,20,-0.217692847155582
753,SAA,50,-0.19788804242060065
754,Bayes,50,-0.1986761595708997
755,SAA,10,-0.19805679669816942
756,Bayes,10,-0.19619128502438798
757,SAA,20,-0.1867319193931841
758,Bayes,20,-0.18743175582170873
759,SAA,50,-0.1932287296703335
760,Bayes,50,-0.19048488268971847
761,SAA,10,-0.20734838311352413
762,Bayes,10,-0.20979039856150022
763,SAA,20,-0.20295925995903402
764,Bayes,20,-0.20146983975597427
765,SAA,50,-0.19812810598742517
766,Bayes,50,-0.19710988830732035
767,SAA,10,-0.18555135594632485
768,Bayes,10,-0.1872375695082918
769,SAA,20,-0.1991822999594537
770,Bayes,20,-0.20265142721515897
771,SAA,50,-0.19372618514724416
772,Bayes,50,-0.19176167154058432
773,SAA,10,-0.1847902505527518
774,Bayes,10,-0.19282216565873866
775,SAA,20,-0.18660189901310606
776,Bayes,20,-0.18690271437397615
777,SAA,50,-0.21747834816732736
778,Bayes,50,-0.21664803279868514
779,SAA,10,-0.20001011914819591
780,Bayes,10,-0.19908843965453274
781,SAA,20,-0.19035397434078902
782,Bayes,20,-0.18881569857321082
783,SAA,50,-0.19854004003081668
784,Bayes,50,-0.2008827984721223
785,SAA,10,-0.2305943316684721
786,Bayes,10,-0.22807741098795523
787,SAA,20,-0.20190285239650116
788,Bayes,20,-0.20757273109389748
789,SAA,50,-0.1955665631641782
790,Bayes,50,-0.1966550503908976
791,SAA,10,-0.2053654496456772
792,Bayes,10,-0.20721638813362447
793,SAA,20,-0.20271141264327763
794,Bayes,20,-0.2062948816766208
795,SAA,50,-0.2012405695601991
796,Bayes,50,-0.19699817128977645
797,SAA,10,-0.18144069889645195
798,Bayes,10,-0.183035036701302
799,SAA,20,-0.19500770630851366
800,Bayes,20,-0.19627718187624796
801,SAA,50,-0.20942160772519652
802,Bayes,50,-0.2114189386913224
803,SAA,10,-0.2032882536526905
804,Bayes,10,-0.20425106439779794
805,SAA,20,-0.19543446067889517
806,Bayes,20,-0.19763454783279366
807,SAA,50,-0.20011850482578195
808,Bayes,50,-0.20443494647496405
809,SAA,10,-0.1977646735247976
810,Bayes,10,-0.19574368737923245
811,SAA,20,-0.21592762907393742
812,Bayes,20,-0.21799914479786237
813,SAA,50,-0.19887635867519216
814,Bayes,50,-0.19968348551726378
815,SAA,10,-0.19923444214025152
816,Bayes,10,-0.2026391738455718
817,SAA,20,-0.20095856518545596
818,Bayes,20,-0.1967681888341044
819,SAA,50,-0.19754452477249956
820,Bayes,50,-0.1960741744118736
821,SAA,10,-0.21750079597543595
822,Bayes,10,-0.22052031072898917
823,SAA,20,-0.19418732394167718
824,Bayes,20,-0.19810652601939463
825,SAA,50,-0.20613835800812663
826,Bayes,50,-0.2018934153470983
827,SAA,10,-0.203775842555644
828,Bayes,10,-0.20389948632402483
829,SAA,20,-0.20476993554262607
830,Bayes,20,-0.2055331117640048
831,SAA,50,-0.20898513342760058
832,Bayes,50,-0.20582169884871543
833,SAA,10,-0.20287734207844377
834,Bayes,10,-0.1997691145738738
835,SAA,20,-0.19791935578107317
836,Bayes,20,-0.2012980879240617
837,SAA,50,-0.20762513759705084
838,Bayes,50,-0.21122874217259882
839,SAA,10,-0.168275102715472
840,Bayes,10,-0.17057164669807617
841,SAA,20,-0.18852406436215663
842,Bayes,20,-0.19415419689410612
843,SAA,50,-0.19841230823311967
844,Bayes,50,-0.19405852572247076
845,SAA,10,-0.1846545692757066
846,Bayes,10,-0.18642368626374986
847,SAA,20,-0.18725446260577755
848,Bayes,20,-0.1872908669428307
849,SAA,50,-0.20205318481519588
850,Bayes,50,-0.20073422667735202
851,SAA,10,-0.21371334384337953
852,Bayes,10,-0.2165990494388103
853,SAA,20,-0.18653127566285008
854,Bayes,20,-0.18338762217023696
855,SAA,50,-0.2002320797372251
856,Bayes,50,-0.21011371760112005
857,SAA,10,-0.19908322744885779
858,Bayes,10,-0.19831401071737664
859,SAA,20,-0.21464001478084133
860,Bayes,20,-0.21271595309243788
861,SAA,50,-0.1983951583330186
862,Bayes,50,-0.20043952839395643
863,SAA,10,-0.18352029811041448
864,Bayes,10,-0.1843944312110764
865,SAA,20,-0.19772717495816314
866,Bayes,20,-0.1995004102905937
867,SAA,50,-0.20405361313511317
868,Bayes,50,-0.19699609539595359
869,SAA,10,-0.1871983903060206
870,Bayes,10,-0.18636479557485794
871,SAA,20,-0.2006992583703319
872,Bayes,20,-0.20498471557937406
873,SAA,50,-0.19364643636447937
874,Bayes,50,-0.1968935525626525
875,SAA,10,-0.2172496581554174
876,Bayes,10,-0.211437008594565
877,SAA,20,-0.20639986395493523
878,Bayes,20,-0.2147119766082988
879,SAA,50,-0.21215904388212783
880,Bayes,50,-0.21876337602266538
881,SAA,10,-0.20226299746447388
882,Bayes,10,-0.2055984079447409
883,SAA,20,-0.207473777319129
884,Bayes,20,-0.2077103041125442
885,SAA,50,-0.2055524880237432
886,Bayes,50,-0.20102797384753068
887,SAA,10,-0.20748009466860173
888,Bayes,10,-0.19777807254982538
889,SAA,20,-0.19237538777161706
890,Bayes,20,-0.19003405325635994
891,SAA,50,-0.18886626565304634
892,Bayes,50,-0.18902940504534047
893,SAA,10,-0.18950627530094816
894,Bayes,10,-0.19117366661816407
895,SAA,20,-0.1953704117681343
896,Bayes,20,-0.19960935293082166
897,SAA,50,-0.2018533528887077
898,Bayes,50,-0.20384730077816027
899,SAA,10,-0.20532824302528338
900,Bayes,10,-0.20206357561320124
901,SAA,20,-0.2103671394660714
902,Bayes,20,-0.2039530261235966
903,SAA,50,-0.1933456018261928
904,Bayes,50,-0.18995854899509396
905,SAA,10,-0.2121981048850584
906,Bayes,10,-0.20792258057572638
907,SAA,20,-0.1996476616979194
908,Bayes,20,-0.19874054797401516
909,SAA,50,-0.19705003507436192
910,Bayes,50,-0.20327094658836592
911,SAA,10,-0.1870920205131019
912,Bayes,10,-0.18137263555230432
913,SAA,20,-0.19127558939129766
914,Bayes,20,-0.1901596360372425
915,SAA,50,-0.19196411758042528
916,Bayes,50,-0.18956210255164171
917,SAA,10,-0.18601639996104286
918,Bayes,10,-0.19190336175174952
919,SAA,20,-0.1943733877337743
920,Bayes,20,-0.19689281040796042
921,SAA,50,-0.205594571277175
922,Bayes,50,-0.19990051099868814
923,SAA,10,-0.2160453390017377
924,Bayes,10,-0.21035804640705627
925,SAA,20,-0.20540058278842296
926,Bayes,20,-0.20128191045183444
927,SAA,50,-0.18841785405665823
928,Bayes,50,-0.18621105079635056
929,SAA,10,-0.2112535063777145
930,Bayes,10,-0.21074734301817363
931,SAA,20,-0.19371645295386258
932,Bayes,20,-0.1950419963142341
933,SAA,50,-0.20253670288809872
934,Bayes,50,-0.19904698984727243
935,SAA,10,-0.20377392729208152
936,Bayes,10,-0.20142931098728203
937,SAA,20,-0.20896519686529239
938,Bayes,20,-0.2015783413741596
939,SAA,50,-0.18999002880168897
940,Bayes,50,-0.18926464563984619
941,SAA,10,-0.19230641414637287
942,Bayes,10,-0.19123772543982007
943,SAA,20,-0.19718453896741928
944,Bayes,20,-0.19137462178949918
945,SAA,50,-0.2006698648182615
946,Bayes,50,-0.19968741304608026
947,SAA,10,-0.18491115300524583
948,Bayes,10,-0.184131433388171
949,SAA,20,-0.19435051578390852
950,Bayes,20,-0.19365253532423005
951,SAA,50,-0.20482398037925287
952,Bayes,50,-0.20352305020718184
953,SAA,10,-0.2083219341110933
954,Bayes,10,-0.2086343967398119
955,SAA,20,-0.20290908037273087
956,Bayes,20,-0.19877494215611521
957,SAA,50,-0.19756205032290888
958,Bayes,50,-0.19698082955763258
959,SAA,10,-0.2246356879043759
960,Bayes,10,-0.2218144606548288
961,SAA,20,-0.19281822019968345
962,Bayes,20,-0.19302700749967644
963,SAA,50,-0.1968165700382021
964,Bayes,50,-0.19610627031196026
965,SAA,10,-0.23339117384741095
966,Bayes,10,-0.23057633180493603
967,SAA,20,-0.2208629697156214
968,Bayes,20,-0.22258103811313484
969,SAA,50,-0.20065049253546138
970,Bayes,50,-0.20188478877229968
971,SAA,10,-0.20483889504390818
972,Bayes,10,-0.20781302080216452
973,SAA,20,-0.22166595574203501
974,Bayes,20,-0.21626569170770776
975,SAA,50,-0.19665790009551262
976,Bayes,50,-0.2032645538510731
977,SAA,10,-0.20628324699394393
978,Bayes,10,-0.20147165229978434
979,SAA,20,-0.21689904153408124
980,Bayes,20,-0.2173573711584788
981,SAA,50,-0.19919484677985747
982,Bayes,50,-0.2023131412335146
983,SAA,10,-0.20459241417210666
984,Bayes,10,-0.20812714819764389
985,SAA,20,-0.19369965747607143
986,Bayes,20,-0.1918700161937941
987,SAA,50,-0.19369885602000492
988,Bayes,50,-0.19470879768860974
989,SAA,10,-0.19756764967754428
990,Bayes,10,-0.1966177969506385
991,SAA,20,-0.20676555604502955
992,Bayes,20,-0.20369657810941233
993,SAA,50,-0.19658969309778512
994,Bayes,50,-0.19438816927150104
995,SAA,10,-0.1842802874303432
996,Bayes,10,-0.18335101716882202
997,SAA,20,-0.19368485255398274
998,Bayes,20,-0.19545598122780505
999,SAA,50,-0.2010150908340297
1000,Bayes,50,-0.20317544043534846
1001,SAA,10,-0.20443212752741766
1002,Bayes,10,-0.20113777936113858
1003,SAA,20,-0.19455558512202922
1004,Bayes,20,-0.19317630935049018
1005,SAA,50,-0.1994458022932455
1006,Bayes,50,-0.20188471078395784
1007,SAA,10,-0.1868383642328351
1008,Bayes,10,-0.18685745980256355
1009,SAA,20,-0.22121304700007208
1010,Bayes,20,-0.22011497856718887
1011,SAA,50,-0.20816887097665943
1012,Bayes,50,-0.2051929050601167
1013,SAA,10,-0.1996819984031777
1014,Bayes,10,-0.19980968342035793
1015,SAA,20,-0.1786938081942674
1016,Bayes,20,-0.17665002965101662
1017,SAA,50,-0.2002818088461498
1018,Bayes,50,-0.20385089897622125
1019,SAA,10,-0.19255035338990045
1020,Bayes,10,-0.18969372020803027
1021,SAA,20,-0.19588367112728117
1022,Bayes,20,-0.191063250906972
1023,SAA,50,-0.19210317291814127
1024,Bayes,50,-0.1929127053762354
1025,SAA,10,-0.1880910847433681
1026,Bayes,10,-0.19194588266030668
1027,SAA,20,-0.1987718451404378
1028,Bayes,20,-0.19683012314607617
1029,SAA,50,-0.2074203252379211
1030,Bayes,50,-0.20740161745566948
1031,SAA,10,-0.19819999789250398
1032,Bayes,10,-0.194693852268634
1033,SAA,20,-0.20933444298556364
1034,Bayes,20,-0.2105790450193101
1035,SAA,50,-0.20363034501050536
1036,Bayes,50,-0.20765428852157952
1037,SAA,10,-0.19268301550615
1038,Bayes,10,-0.1961145216121589
1039,SAA,20,-0.19608065403394134
1040,Bayes,20,-0.1924843866402564
1041,SAA,50,-0.20236010510077343
1042,Bayes,50,-0.2012429370237976
1043,SAA,10,-0.21598135851099168
1044,Bayes,10,-0.2128506982576612
1045,SAA,20,-0.20711741228048536
1046,Bayes,20,-0.20972195961328552
1047,SAA,50,-0.1988284793479842
1048,Bayes,50,-0.19357192936250125
1049,SAA,10,-0.1685458350968146
1050,Bayes,10,-0.16903736508272332
1051,SAA,20,-0.19569202754497925
1052,Bayes,20,-0.1918297013224561
1053,SAA,50,-0.1924994452580545
1054,Bayes,50,-0.19138434237642585
1055,SAA,10,-0.17345731711655846
1056,Bayes,10,-0.17666115377157068
1057,SAA,20,-0.1943745054775475
1058,Bayes,20,-0.1946708578086712
1059,SAA,50,-0.21367995576947113
1060,Bayes,50,-0.21238536214388196
1061,SAA,10,-0.21456030991097616
1062,Bayes,10,-0.20673621857523933
1063,SAA,20,-0.21313572022743546
1064,Bayes,20,-0.2106056990501227
1065,SAA,50,-0.19950891814976707
1066,Bayes,50,-0.20008633194118808
1067,SAA,10,-0.22880765493482338
1068,Bayes,10,-0.22718911528016314
1069,SAA,20,-0.20912922897562405
1070,Bayes,20,-0.2119825309993381
1071,SAA,50,-0.20644209340124817
1072,Bayes,50,-0.20606134940320622
1073,SAA,10,-0.17019016498750103
1074,Bayes,10,-0.1720648456911447
1075,SAA,20,-0.19847453696575365
1076,Bayes,20,-0.19561302071072878
1077,SAA,50,-0.19395144451603716
1078,Bayes,50,-0.1904932272580276
1079,SAA,10,-0.20099527833714279
1080,Bayes,10,-0.20307029515591202
1081,SAA,20,-0.2176934651370785
1082,Bayes,20,-0.2165578784856888
1083,SAA,50,-0.1882920410032597
1084,Bayes,50,-0.19388419555446745
1085,SAA,10,-0.20972284571834893
1086,Bayes,10,-0.20770486016642575
1087,SAA,20,-0.20282608484588605
1088,Bayes,20,-0.19745579162193683
1089,SAA,50,-0.19594298336185334
1090,Bayes,50,-0.20195490779854716
1091,SAA,10,-0.18786987569815256
1092,Bayes,10,-0.18594526440748066
1093,SAA,20,-0.19082985631571822
1094,Bayes,20,-0.193947816120448
1095,SAA,50,-0.20511575838116797
1096,Bayes,50,-0.20738207884644116
1097,SAA,10,-0.22836633894268668
1098,Bayes,10,-0.2272521435417866
1099,SAA,20,-0.21362239797922486
1100,Bayes,20,-0.2154700712109361
1101,SAA,50,-0.20253002646653648
1102,Bayes,50,-0.1970522290927634
1103,SAA,10,-0.19507558146194598
1104,Bayes,10,-0.194449081413993
1105,SAA,20,-0.2155946000721989
1106,Bayes,20,-0.21002379416512731
1107,SAA,50,-0.2027425062860947
1108,Bayes,50,-0.19879892733003063
1109,SAA,10,-0.21448411042148685
1110,Bayes,10,-0.21471393369182235
1111,SAA,20,-0.20014077926447446
1112,Bayes,20,-0.20522547540410746
1113,SAA,50,-0.20307121546921608
1114,Bayes,50,-0.20430520152847256
1115,SAA,10,-0.21805729429428336
1116,Bayes,10,-0.20667633543428882
1117,SAA,20,-0.19193220178382225
1118,Bayes,20,-0.18986979315830466
1119,SAA,50,-0.1916541888213645
1120,Bayes,50,-0.19175047436205223
1121,SAA,10,-0.18970855068103484
1122,Bayes,10,-0.1872345666033475
1123,SAA,20,-0.1991823506272621
1124,Bayes,20,-0.1960430638245766
1125,SAA,50,-0.20704265639271255
1126,Bayes,50,-0.20181405928181234
1127,SAA,10,-0.20554507162792027
1128,Bayes,10,-0.20300508789884775
1129,SAA,20,-0.19764398069185146
1130,Bayes,20,-0.20256451742441173
1131,SAA,50,-0.20425545894456343
1132,Bayes,50,-0.20255673382636116
1133,SAA,10,-0.20620182275723306
1134,Bayes,10,-0.20530870462859444
1135,SAA,20,-0.19156550973609535
1136,Bayes,20,-0.19450439665970354
1137,SAA,50,-0.19217433026595063
1138,Bayes,50,-0.19500332594026312
1139,SAA,10,-0.21693084956849001
1140,Bayes,10,-0.2152729842545846
1141,SAA,20,-0.19526504918213544
1142,Bayes,20,-0.19673309469858555
1143,SAA,50,-0.20090955417586534
1144,Bayes,50,-0.19849968944575383
1145,SAA,10,-0.18553136825105837
1146,Bayes,10,-0.1892356035146902
1147,SAA,20,-0.20855516724938972
1148,Bayes,20,-0.20355561818819945
1149,SAA,50,-0.1985439895070357
1150,Bayes,50,-0.19837510039873152
1151,SAA,10,-0.20550460456725092
1152,Bayes,10,-0.20584045297163195
1153,SAA,20,-0.19025274471950626
1154,Bayes,20,-0.19273991576357985
1155,SAA,50,-0.2005688342735792
1156,Bayes,50,-0.19628414337275232
1157,SAA,10,-0.20991771159451725
1158,Bayes,10,-0.206020236795487
1159,SAA,20,-0.2051821879274176
1160,Bayes,20,-0.21763802980121427
1161,SAA,50,-0.19793790374521156
1162,Bayes,50,-0.19520313360399713
1163,SAA,10,-0.20926019995612674
1164,Bayes,10,-0.2075088434545339
1165,SAA,20,-0.20128384115388243
1166,Bayes,20,-0.20065326282216897
1167,SAA,50,-0.20301455589489045
1168,Bayes,50,-0.2067925013868186
1169,SAA,10,-0.20786162847359385
1170,Bayes,10,-0.20259390599813398
1171,SAA,20,-0.19992075576745946
1172,Bayes,20,-0.1998065361157321
1173,SAA,50,-0.18753981067533662
1174,Bayes,50,-0.19040693416567597
1175,SAA,10,-0.18350339894827428
1176,Bayes,10,-0.1856970755241535
1177,SAA,20,-0.20700782446243826
1178,Bayes,20,-0.205925421329717
1179,SAA,50,-0.19197569598024047
1180,Bayes,50,-0.19383113935291443
1181,SAA,10,-0.2055587464064769
1182,Bayes,10,-0.21634101576065123
1183,SAA,20,-0.2064135870798541
1184,Bayes,20,-0.2006003499486499
1185,SAA,50,-0.19739855369617715
1186,Bayes,50,-0.19573457375560435
1187,SAA,10,-0.1934838248289447
1188,Bayes,10,-0.19535434255519954
1189,SAA,20,-0.18173591985069576
1190,Bayes,20,-0.17775748193476057
1191,SAA,50,-0.21535433511737992
1192,Bayes,50,-0.21656695421667624
1193,SAA,10,-0.18872110931149613
1194,Bayes,10,-0.19973265145851563
1195,SAA,20,-0.19594201657246071
1196,Bayes,20,-0.19533206818656873
1197,SAA,50,-0.19700298478731473
1198,Bayes,50,-0.19045331768262164
1199,SAA,10,-0.19935461722835895
1200,Bayes,10,-0.1948024948042148
1201,SAA,20,-0.18791539478348268
1202,Bayes,20,-0.19333522890222166
1203,SAA,50,-0.19337465780283639
1204,Bayes,50,-0.1952555589512164
1205,SAA,10,-0.18956298566879726
1206,Bayes,10,-0.19195119979884742
1207,SAA,20,-0.20007016905694713
1208,Bayes,20,-0.19962645509343394
1209,SAA,50,-0.2084199999871025
1210,Bayes,50,-0.2109285394860188
1211,SAA,10,-0.19562448225565482
1212,Bayes,10,-0.19874593931599077
1213,SAA,20,-0.20908231918971765
1214,Bayes,20,-0.21619103652493843
1215,SAA,50,-0.2009281546615339
1216,Bayes,50,-0.20068667179142693
1217,SAA,10,-0.1829373051890464
1218,Bayes,10,-0.18542620484916306
1219,SAA,20,-0.1909510040062533
1220,Bayes,20,-0.19107446590474766
1221,SAA,50,-0.19140243175669427
1222,Bayes,50,-0.1919690292229422
1223,SAA,10,-0.1758975027259599
1224,Bayes,10,-0.17994645359937245
1225,SAA,20,-0.19876142175362865
1226,Bayes,20,-0.19937086533235363
1227,SAA,50,-0.19857183406743048
1228,Bayes,50,-0.19620420175761336
1229,SAA,10,-0.19945411177981615
1230,Bayes,10,-0.19823935025662814
1231,SAA,20,-0.21678590256319155
1232,Bayes,20,-0.21302180375669044
1233,SAA,50,-0.1984042522043173
1234,Bayes,50,-0.1887648941586807
1235,SAA,10,-0.20598915399705803
1236,Bayes,10,-0.20950851827918648
1237,SAA,20,-0.18078653894688979
1238,Bayes,20,-0.1758804632966262
1239,SAA,50,-0.2015603843518735
1240,Bayes,50,-0.20511078062787158
1241,SAA,10,-0.19360572234225232
1242,Bayes,10,-0.19490455842711524
1243,SAA,20,-0.2166915790642149
1244,Bayes,20,-0.22224278587377264
1245,SAA,50,-0.1979426924086643
1246,Bayes,50,-0.19760856038235539
1247,SAA,10,-0.191187706327174
1248,Bayes,10,-0.1896224061914725
1249,SAA,20,-0.21220652821423525
1250,Bayes,20,-0.21396166315186524
1251,SAA,50,-0.20129973680201116
1252,Bayes,50,-0.19826100978139244
1253,SAA,10,-0.19802398664108128
1254,Bayes,10,-0.20028053857384123
1255,SAA,20,-0.20506557145257587
1256,Bayes,20,-0.20776209770407653
1257,SAA,50,-0.1938629598468878
1258,Bayes,50,-0.18929410264041532
1259,SAA,10,-0.19933435421699414
1260,Bayes,10,-0.1958674344298899
1261,SAA,20,-0.2157139677412852
1262,Bayes,20,-0.2146746907675798
1263,SAA,50,-0.19669078481510271
1264,Bayes,50,-0.19629281227727574
1265,SAA,10,-0.1919153390791933
1266,Bayes,10,-0.19491473754522673
1267,SAA,20,-0.18385704214204657
1268,Bayes,20,-0.18177557362952873
1269,SAA,50,-0.2002172973667844
1270,Bayes,50,-0.20139036808332514
1271,SAA,10,-0.1996385623167246
1272,Bayes,10,-0.20768653330480577
1273,SAA,20,-0.20726524702960913
1274,Bayes,20,-0.2083113608135907
1275,SAA,50,-0.20245583829289268
1276,Bayes,50,-0.2037324263641532
1277,SAA,10,-0.21012914265451427
1278,Bayes,10,-0.214194803051543
1279,SAA,20,-0.22085657449547974
1280,Bayes,20,-0.2170848663603847
1281,SAA,50,-0.19117568145782401
1282,Bayes,50,-0.19191592020652712
1283,SAA,10,-0.17771979252909267
1284,Bayes,10,-0.1792881431153875
1285,SAA,20,-0.20621688663380677
1286,Bayes,20,-0.2038592595762231
1287,SAA,50,-0.1914208178360895
1288,Bayes,50,-0.18771632069352678
1289,SAA,10,-0.18005234688694108
1290,Bayes,10,-0.18018982055714058
1291,SAA,20,-0.21022248031771038
1292,Bayes,20,-0.20903354446807965
1293,SAA,50,-0.20365077698579073
1294,Bayes,50,-0.20348773426831238
1295,SAA,10,-0.1907833808010998
1296,Bayes,10,-0.19053888976213929
1297,SAA,20,-0.20651654432756483
1298,Bayes,20,-0.2032730203260481
1299,SAA,50,-0.20130603093738164
1300,Bayes,50,-0.20124373234909612
1301,SAA,10,-0.21005495006652655
1302,Bayes,10,-0.20856892891082307
1303,SAA,20,-0.2168591097481976
1304,Bayes,20,-0.21678650337685335
1305,SAA,50,-0.19484984561374627
1306,Bayes,50,-0.19122961506945818
1307,SAA,10,-0.17644412932692566
1308,Bayes,10,-0.18430946929105196
1309,SAA,20,-0.1977618493270576
1310,Bayes,20,-0.2045662925011015
1311,SAA,50,-0.20531204909173026
1312,Bayes,50,-0.2025093192256297
1313,SAA,10,-0.2038254659195754
1314,Bayes,10,-0.19986762201514668
1315,SAA,20,-0.21510273193952156
1316,Bayes,20,-0.2164935165164545
1317,SAA,50,-0.2121456036866896
1318,Bayes,50,-0.21277705161184635
1319,SAA,10,-0.20386241310993466
1320,Bayes,10,-0.2087881781601586
1321,SAA,20,-0.2066107351430632
1322,Bayes,20,-0.20303417148945982
1323,SAA,50,-0.1888909955884214
1324,Bayes,50,-0.1940132748985199
1325,SAA,10,-0.1969880227603651
1326,Bayes,10,-0.2001211227824266
1327,SAA,20,-0.1989725586343682
1328,Bayes,20,-0.2043361468925914
1329,SAA,50,-0.20116339694173077
1330,Bayes,50,-0.20029591228008398
1331,SAA,10,-0.18866330632429135
1332,Bayes,10,-0.18682138834902307
1333,SAA,20,-0.2015122018285871
1334,Bayes,20,-0.2032152780283111
1335,SAA,50,-0.18642459689859245
1336,Bayes,50,-0.18737045899924779
1337,SAA,10,-0.18359234458846507
1338,Bayes,10,-0.19168199278361803
1339,SAA,20,-0.19017718240920348
1340,Bayes,20,-0.18683426765191363
1341,SAA,50,-0.2012239472727205
1342,Bayes,50,-0.1982020555674894
1343,SAA,10,-0.20033648283242833
1344,Bayes,10,-0.20419290990589792
1345,SAA,20,-0.20025428774259216
1346,Bayes,20,-0.19488026094284358
1347,SAA,50,-0.192329166267766
1348,Bayes,50,-0.18952356771909346
1349,SAA,10,-0.19040593007306608
1350,Bayes,10,-0.18924838969149088
1351,SAA,20,-0.21434686582043386
1352,Bayes,20,-0.2136888116740092
1353,SAA,50,-0.20551980764397343
1354,Bayes,50,-0.2003544067773925
1355,SAA,10,-0.20267339770176643
1356,Bayes,10,-0.2065830471589839
1357,SAA,20,-0.21674344763813397
1358,Bayes,20,-0.21948281894597763
1359,SAA,50,-0.20686082868554595
1360,Bayes,50,-0.21079321663735037
1361,SAA,10,-0.20808179387181586
1362,Bayes,10,-0.20321235776449567
1363,SAA,20,-0.20031559594010692
1364,Bayes,20,-0.1996683666213583
1365,SAA,50,-0.18780491335171942
1366,Bayes,50,-0.18510925195197736
1367,SAA,10,-0.20312990856195476
1368,Bayes,10,-0.20432100780489051
1369,SAA,20,-0.19451633644063193
1370,Bayes,20,-0.1961810322560347
1371,SAA,50,-0.21077828176181243
1372,Bayes,50,-0.2103617287061023
1373,SAA,10,-0.21412103396335247
1374,Bayes,10,-0.21292492038317704
1375,SAA,20,-0.20931995503871068
1376,Bayes,20,-0.20891868897037424
1377,SAA,50,-0.1956867456584847
1378,Bayes,50,-0.20346620513648725
1379,SAA,10,-0.20314468333432997
1380,Bayes,10,-0.19865932372904635
1381,SAA,20,-0.20316816094713888
1382,Bayes,20,-0.2017141156881788
1383,SAA,50,-0.20418143857208934
1384,Bayes,50,-0.20772753019204615
1385,SAA,10,-0.19781322102675886
1386,Bayes,10,-0.19954438025585847
1387,SAA,20,-0.20774241964901027
1388,Bayes,20,-0.2097592050453631
1389,SAA,50,-0.1984918574402796
1390,Bayes,50,-0.19919080269830056
1391,SAA,10,-0.1988730672596167
1392,Bayes,10,-0.1963102927360653
1393,SAA,20,-0.18942879640933924
1394,Bayes,20,-0.1878880830299198
1395,SAA,50,-0.20620124189318578
1396,Bayes,50,-0.20855842836033456
1397,SAA,10,-0.18401916036108246
1398,Bayes,10,-0.18326662773620242
1399,SAA,20,-0.19018462034885886
1400,Bayes,20,-0.19131721061571774
1401,SAA,50,-0.21070726248966054
1402,Bayes,50,-0.21461966903382584
1403,SAA,10,-0.18171701252321382
1404,Bayes,10,-0.18461005474179856
1405,SAA,20,-0.20307072737726817
1406,Bayes,20,-0.1974591871560227
1407,SAA,50,-0.20085401273367853
1408,Bayes,50,-0.1983611661296906
1409,SAA,10,-0.18570697951390847
1410,Bayes,10,-0.1846120668567496
1411,SAA,20,-0.18312980967120074
1412,Bayes,20,-0.1844958542871486
1413,SAA,50,-0.21006258100308303
1414,Bayes,50,-0.2043661241084451
1415,SAA,10,-0.20436969854149536
1416,Bayes,10,-0.2004243874073096
1417,SAA,20,-0.1852901728055079
1418,Bayes,20,-0.18922107200246616
1419,SAA,50,-0.1943663751674667
1420,Bayes,50,-0.19682583715341964
1421,SAA,10,-0.20486885855748713
1422,Bayes,10,-0.20478480360033344
1423,SAA,20,-0.19771800723585992
1424,Bayes,20,-0.1932949607151949
1425,SAA,50,-0.20519365148137264
1426,Bayes,50,-0.20217152332758304
1427,SAA,10,-0.20750305417916753
1428,Bayes,10,-0.20601529431842347
1429,SAA,20,-0.1904170364699418
1430,Bayes,20,-0.19676331853200885
1431,SAA,50,-0.20154190560046517
1432,Bayes,50,-0.20041393889625908
1433,SAA,10,-0.16675151310111738
1434,Bayes,10,-0.16997395850143984
1435,SAA,20,-0.20432121953682603
1436,Bayes,20,-0.20702343711993623
1437,SAA,50,-0.19888894069980767
1438,Bayes,50,-0.19505957640225643
1439,SAA,10,-0.21169769372531688
1440,Bayes,10,-0.20886786531522647
1441,SAA,20,-0.1954558253121718
1442,Bayes,20,-0.19464351317801554
1443,SAA,50,-0.18703315699561848
1444,Bayes,50,-0.18696331356644408
1445,SAA,10,-0.1951356247924431
1446,Bayes,10,-0.19505057876514068
1447,SAA,20,-0.2087450309246913
1448,Bayes,20,-0.2146353924438016
1449,SAA,50,-0.2045480036131472
1450,Bayes,50,-0.2096437317936479
1451,SAA,10,-0.18453678139695184
1452,Bayes,10,-0.1858366811692014
1453,SAA,20,-0.20633693054863317
1454,Bayes,20,-0.20495509454502917
1455,SAA,50,-0.2131177813610652
1456,Bayes,50,-0.21116851528902555
1457,SAA,10,-0.20812629728770846
1458,Bayes,10,-0.20884676586547857
1459,SAA,20,-0.21109783336359256
1460,Bayes,20,-0.2093280692027461
1461,SAA,50,-0.1975239236916047
1462,Bayes,50,-0.19277645574502844
1463,SAA,10,-0.2015767717966999
1464,Bayes,10,-0.2022395176868211
1465,SAA,20,-0.20905527014377234
1466,Bayes,20,-0.21256780301710448
1467,SAA,50,-0.2089645807879728
1468,Bayes,50,-0.20997604632418282
1469,SAA,10,-0.22973892410074268
1470,Bayes,10,-0.22893097916317035
1471,SAA,20,-0.18371404888054982
1472,Bayes,20,-0.1859174588570907
1473,SAA,50,-0.20784512894312968
1474,Bayes,50,-0.21154237937832412
1475,SAA,10,-0.20349592961308394
1476,Bayes,10,-0.20159755504067267
1477,SAA,20,-0.19770310195908053
1478,Bayes,20,-0.1968547222097681
1479,SAA,50,-0.20846141291368073
1480,Bayes,50,-0.20977618223245698
1481,SAA,10,-0.21587220697456752
1482,Bayes,10,-0.2151148763699105
1483,SAA,20,-0.1774867089757185
1484,Bayes,20,-0.18095227718741383
1485,SAA,50,-0.20653083437553824
1486,Bayes,50,-0.2098441651775585
1487,SAA,10,-0.19809202643688348
1488,Bayes,10,-0.19440613760405662
1489,SAA,20,-0.20100681297763207
1490,Bayes,20,-0.19624594783646027
1491,SAA,50,-0.19631601980572644
1492,Bayes,50,-0.19757116069015687
1493,SAA,10,-0.2129985467548566
1494,Bayes,10,-0.21739816003674955
1495,SAA,20,-0.21041019068060074
1496,Bayes,20,-0.20349928141536539
1497,SAA,50,-0.19919956840536027
1498,Bayes,50,-0.1998437736479521
1499,SAA,10,-0.2227621945771805
1500,Bayes,10,-0.21959596207701626
1501,SAA,20,-0.19808768448753605
1502,Bayes,20,-0.20228963880720097
1503,SAA,50,-0.20225697875571164
1504,Bayes,50,-0.20035139150561396
1505,SAA,10,-0.18825052559335545
1506,Bayes,10,-0.18412848067204235
1507,SAA,20,-0.21513549812653368
1508,Bayes,20,-0.20992396248303352
1509,SAA,50,-0.20548786555210463
1510,Bayes,50,-0.2054695519692833
1511,SAA,10,-0.19283760167020372
1512,Bayes,10,-0.19522500634061418
1513,SAA,20,-0.18900573212857583
1514,Bayes,20,-0.19176055704816353
1515,SAA,50,-0.19880948232348736
1516,Bayes,50,-0.19970758937262292
1517,SAA,10,-0.20570215235652708
1518,Bayes,10,-0.20126248884234468
1519,SAA,20,-0.2103316544295667
1520,Bayes,20,-0.21099170759175326
1521,SAA,50,-0.22039320161072554
1522,Bayes,50,-0.2131332130271661
1523,SAA,10,-0.2160910074370569
1524,Bayes,10,-0.21698920669760116
1525,SAA,20,-0.1953916577375492
1526,Bayes,20,-0.1920143850435192
1527,SAA,50,-0.2043030465406541
1528,Bayes,50,-0.20503167635202438
1529,SAA,10,-0.1936895378370126
1530,Bayes,10,-0.19620840466221517
1531,SAA,20,-0.1988113712591125
1532,Bayes,20,-0.1966782330574076
1533,SAA,50,-0.2097210414963573
1534,Bayes,50,-0.2075744893121131
1535,SAA,10,-0.19631367991248652
1536,Bayes,10,-0.18834545332925737
1537,SAA,20,-0.19070192461213992
1538,Bayes,20,-0.18850453702300693
1539,SAA,50,-0.20017861194676415
1540,Bayes,50,-0.19686893206041636
1541,SAA,10,-0.18192638448840265
1542,Bayes,10,-0.18163651627982758
1543,SAA,20,-0.21496977835670344
1544,Bayes,20,-0.20735352134794105
1545,SAA,50,-0.1970445590446944
1546,Bayes,50,-0.1975084550518922
1547,SAA,10,-0.20580209498389676
1548,Bayes,10,-0.20341733072148452
1549,SAA,20,-0.19828508192763616
1550,Bayes,20,-0.19862249175379748
1551,SAA,50,-0.19957300401696684
1552,Bayes,50,-0.19669403760213267
1553,SAA,10,-0.18858624268789168
1554,Bayes,10,-0.18673944869686995
1555,SAA,20,-0.1974038827533988
1556,Bayes,20,-0.2095414640283785
1557,SAA,50,-0.2098860801291107
1558,Bayes,50,-0.20723483316953548
1559,SAA,10,-0.19317538122020272
1560,Bayes,10,-0.1979965173585593
1561,SAA,20,-0.19712589489436882
1562,Bayes,20,-0.19408686718041696
1563,SAA,50,-0.20043577232519524
1564,Bayes,50,-0.2045648645842696
1565,SAA,10,-0.20644496596682466
1566,Bayes,10,-0.20508802281833252
1567,SAA,20,-0.2027101999946447
1568,Bayes,20,-0.19747335976240502
1569,SAA,50,-0.20076325563257164
1570,Bayes,50,-0.2049113064509262
1571,SAA,10,-0.18937542690817563
1572,Bayes,10,-0.18935838688221754
1573,SAA,20,-0.20964995515809523
1574,Bayes,20,-0.21002118082407997
1575,SAA,50,-0.19944353703999315
1576,Bayes,50,-0.19245564269966917
1577,SAA,10,-0.20514811923999474
1578,Bayes,10,-0.20276110942857078
1579,SAA,20,-0.1943467268053788
1580,Bayes,20,-0.19892619334953038
1581,SAA,50,-0.20569897939197512
1582,Bayes,50,-0.20725502195481726
1583,SAA,10,-0.19272703965929633
1584,Bayes,10,-0.19336952113172012
1585,SAA,20,-0.22533653225338046
1586,Bayes,20,-0.22285535698253447
1587,SAA,50,-0.20334348997246834
1588,Bayes,50,-0.19644943290915087
1589,SAA,10,-0.19586994292146093
1590,Bayes,10,-0.19360765440542754
1591,SAA,20,-0.20585827713070007
1592,Bayes,20,-0.20121751062910886
1593,SAA,50,-0.20316840415270257
1594,Bayes,50,-0.1975268861266135
1595,SAA,10,-0.21753712877602419
1596,Bayes,10,-0.21639592478908182
1597,SAA,20,-0.19471535496500553
1598,Bayes,20,-0.19828347624290044
1599,SAA,50,-0.2047200351006714
1600,Bayes,50,-0.20398258941649708
1601,SAA,10,-0.21621914050487906
1602,Bayes,10,-0.21666822553523832
1603,SAA,20,-0.2033907952198273
1604,Bayes,20,-0.20085727823537164
1605,SAA,50,-0.19446722498794716
1606,Bayes,50,-0.1978993668138648
1607,SAA,10,-0.20716830077071688
1608,Bayes,10,-0.20350118596654798
1609,SAA,20,-0.2077195007537253
1610,Bayes,20,-0.19844686434327624
1611,SAA,50,-0.20474535288230292
1612,Bayes,50,-0.20105786598861303
1613,SAA,10,-0.2287016232678096
1614,Bayes,10,-0.22877514558451467
1615,SAA,20,-0.19310942300069447
1616,Bayes,20,-0.19478193253916273
1617,SAA,50,-0.1995425087094308
1618,Bayes,50,-0.20180405139630542
1619,SAA,10,-0.19907041582873908
1620,Bayes,10,-0.19818098096935813
1621,SAA,20,-0.21057830657013799
1622,Bayes,20,-0.21399502155714026
1623,SAA,50,-0.20210551344875158
1624,Bayes,50,-0.20469722385486352
1625,SAA,10,-0.18558180494240017
1626,Bayes,10,-0.191279585081294
1627,SAA,20,-0.20580492433622072
1628,Bayes,20,-0.19996117989628262
1629,SAA,50,-0.19020781294981154
1630,Bayes,50,-0.1926903678976576
1631,SAA,10,-0.19618846514981844
1632,Bayes,10,-0.19709351332742045
1633,SAA,20,-0.18694824719114023
1634,Bayes,20,-0.18520364175711754
1635,SAA,50,-0.20511342888979214
1636,Bayes,50,-0.20148508464977893
1637,SAA,10,-0.19213514229507098
1638,Bayes,10,-0.19390388807612088
1639,SAA,20,-0.19860627111052415
1640,Bayes,20,-0.1958481490303211
1641,SAA,50,-0.2041400970282472
1642,Bayes,50,-0.2052309587888903
1643,SAA,10,-0.1898878967619259
1644,Bayes,10,-0.19431825031440528
1645,SAA,20,-0.19783064247783738
1646,Bayes,20,-0.20098733410942426
1647,SAA,50,-0.18638198005797738
1648,Bayes,50,-0.19144563087053076
1649,SAA,10,-0.19729505854093318
1650,Bayes,10,-0.2010132156289669
1651,SAA,20,-0.2028382165520005
1652,Bayes,20,-0.204175471176877
1653,SAA,50,-0.2101356715391259
